,Dates,Price
0,01-01-2011,"1,961"
1,02-01-2011,"1,961"
2,03-01-2011,"1,960"
3,04-01-2011,"1,957"
4,05-01-2011,"1,991"
5,06-01-2011,"1,977"
6,07-01-2011,"1,979"
7,08-01-2011,"2,006"
8,09-01-2011,"2,006"
9,10-01-2011,"2,006"
10,11-01-2011,"2,011"
11,12-01-2011,"2,036"
12,13-01-2011,"2,033"
13,14-01-2011,"2,025"
14,15-01-2011,"2,026"
15,16-01-2011,"2,031"
16,17-01-2011,"2,030"
17,18-01-2011,"2,039"
18,19-01-2011,"2,040"
19,20-01-2011,"2,037"
20,21-01-2011,"2,040"
21,22-01-2011,"2,024"
22,23-01-2011,"2,024"
23,24-01-2011,"2,024"
24,25-01-2011,"2,035"
25,26-01-2011,"2,040"
26,27-01-2011,"2,046"
27,28-01-2011,"2,076"
28,29-01-2011,"2,069"
29,30-01-2011,"2,069"
30,31-01-2011,"2,067"
31,01-02-2011,"2,085"
32,02-02-2011,"2,085"
33,03-02-2011,"2,085"
34,04-02-2011,"2,090"
35,05-02-2011,"2,074"
36,06-02-2011,"2,071"
37,07-02-2011,"2,070"
38,08-02-2011,"2,055"
39,09-02-2011,"2,056"
40,10-02-2011,"1,976"
41,11-02-2011,"2,049"
42,12-02-2011,"2,047"
43,13-02-2011,"2,040"
44,14-02-2011,"2,029"
45,15-02-2011,"2,031"
46,16-02-2011,"2,042"
47,17-02-2011,"2,041"
48,18-02-2011,"2,035"
49,19-02-2011,"2,035"
50,20-02-2011,"2,018"
51,21-02-2011,"2,016"
52,22-02-2011,"2,004"
53,23-02-2011,"2,004"
54,24-02-2011,"2,002"
55,25-02-2011,"1,974"
56,26-02-2011,"1,975"
57,27-02-2011,"1,978"
58,28-02-2011,"1,987"
59,01-03-2011,"2,067"
60,02-03-2011,"2,062"
61,03-03-2011,"2,069"
62,04-03-2011,"2,077"
63,05-03-2011,"2,086"
64,06-03-2011,"2,086"
65,07-03-2011,"2,085"
66,08-03-2011,"2,091"
67,09-03-2011,"2,089"
68,10-03-2011,"2,096"
69,11-03-2011,"2,084"
70,12-03-2011,"2,085"
71,13-03-2011,"2,080"
72,14-03-2011,"2,060"
73,15-03-2011,"2,058"
74,16-03-2011,"2,061"
75,17-03-2011,"2,090"
76,18-03-2011,"2,086"
77,19-03-2011,"2,086"
78,20-03-2011,"2,086"
79,21-03-2011,"2,083"
80,22-03-2011,"2,099"
81,23-03-2011,"2,097"
82,24-03-2011,"2,103"
83,25-03-2011,"2,088"
84,26-03-2011,"2,088"
85,27-03-2011,"2,087"
86,28-03-2011,"2,086"
87,29-03-2011,"2,097"
88,30-03-2011,"2,087"
89,31-03-2011,"2,089"
90,01-04-2011,"2,223"
91,02-04-2011,"2,217"
92,03-04-2011,"2,191"
93,04-04-2011,"2,187"
94,05-04-2011,"2,191"
95,06-04-2011,"2,189"
96,07-04-2011,"2,189"
97,08-04-2011,"2,189"
98,09-04-2011,"2,185"
99,10-04-2011,"2,176"
100,11-04-2011,"2,179"
101,12-04-2011,"2,157"
102,13-04-2011,"2,149"
103,14-04-2011,"2,149"
104,15-04-2011,"2,147"
105,16-04-2011,"2,126"
106,17-04-2011,"2,126"
107,18-04-2011,"2,129"
108,19-04-2011,"2,129"
109,20-04-2011,"2,130"
110,21-04-2011,"2,130"
111,22-04-2011,"2,123"
112,23-04-2011,"2,114"
113,24-04-2011,"2,116"
114,25-04-2011,"2,095"
115,26-04-2011,"2,071"
116,27-04-2011,"2,066"
117,28-04-2011,"2,070"
118,29-04-2011,"2,068"
119,30-04-2011,"2,068"
120,01-05-2011,"2,242"
121,02-05-2011,"2,240"
122,03-05-2011,"2,240"
123,04-05-2011,"2,237"
124,05-05-2011,"2,234"
125,06-05-2011,"2,247"
126,07-05-2011,"2,233"
127,08-05-2011,"2,221"
128,09-05-2011,"2,193"
129,10-05-2011,"2,193"
130,11-05-2011,"2,193"
131,12-05-2011,"2,183"
132,13-05-2011,"2,190"
133,14-05-2011,"2,183"
134,15-05-2011,"2,196"
135,16-05-2011,"2,190"
136,17-05-2011,"2,210"
137,18-05-2011,"2,210"
138,19-05-2011,"2,178"
139,20-05-2011,"2,192"
140,21-05-2011,"2,208"
141,22-05-2011,"2,195"
142,23-05-2011,"2,170"
143,24-05-2011,"2,170"
144,25-05-2011,"2,166"
145,26-05-2011,"2,174"
146,27-05-2011,"2,212"
147,28-05-2011,"2,236"
148,29-05-2011,"2,251"
149,30-05-2011,"2,224"
150,31-05-2011,"2,224"
151,01-06-2011,"2,214"
152,02-06-2011,"2,209"
153,03-06-2011,"2,207"
154,04-06-2011,"2,214"
155,05-06-2011,"2,236"
156,06-06-2011,"2,236"
157,07-06-2011,"2,239"
158,08-06-2011,"2,264"
159,09-06-2011,"2,266"
160,10-06-2011,"2,263"
161,11-06-2011,"2,247"
162,12-06-2011,"2,247"
163,13-06-2011,"2,244"
164,14-06-2011,"2,245"
165,15-06-2011,"2,231"
166,16-06-2011,"2,229"
167,17-06-2011,"2,235"
168,18-06-2011,"2,253"
169,19-06-2011,"2,261"
170,20-06-2011,"2,261"
171,21-06-2011,"2,253"
172,22-06-2011,"2,252"
173,23-06-2011,"2,257"
174,24-06-2011,"2,265"
175,25-06-2011,"2,222"
176,26-06-2011,"2,222"
177,27-06-2011,"2,222"
178,28-06-2011,"2,225"
179,29-06-2011,"2,226"
180,30-06-2011,"2,231"
181,01-07-2011,"2,313"
182,02-07-2011,"2,306"
183,03-07-2011,"2,303"
184,04-07-2011,"2,310"
185,05-07-2011,"2,311"
186,06-07-2011,"2,321"
187,07-07-2011,"2,300"
188,08-07-2011,"2,300"
189,09-07-2011,"2,287"
190,10-07-2011,"2,288"
191,11-07-2011,"2,294"
192,12-07-2011,"2,295"
193,13-07-2011,"2,314"
194,14-07-2011,"2,293"
195,15-07-2011,"2,293"
196,16-07-2011,"2,287"
197,17-07-2011,"2,290"
198,18-07-2011,"2,278"
199,19-07-2011,"2,247"
200,20-07-2011,"2,238"
201,21-07-2011,"2,212"
202,22-07-2011,"2,212"
203,23-07-2011,"2,211"
204,24-07-2011,"2,215"
205,25-07-2011,"2,198"
206,26-07-2011,"2,175"
207,27-07-2011,"2,172"
208,28-07-2011,"2,169"
209,29-07-2011,"2,175"
210,30-07-2011,"2,175"
211,31-07-2011,"2,187"
212,01-08-2011,"2,674"
213,02-08-2011,"2,669"
214,03-08-2011,"2,709"
215,04-08-2011,"2,761"
216,05-08-2011,"2,648"
217,06-08-2011,"2,564"
218,07-08-2011,"2,601"
219,08-08-2011,"2,738"
220,09-08-2011,"2,765"
221,10-08-2011,"2,792"
222,11-08-2011,"2,792"
223,12-08-2011,"2,760"
224,13-08-2011,"2,654"
225,14-08-2011,"2,634"
226,15-08-2011,"2,606"
227,16-08-2011,"2,570"
228,17-08-2011,"2,570"
229,18-08-2011,"2,577"
230,19-08-2011,"2,574"
231,20-08-2011,"2,559"
232,21-08-2011,"2,573"
233,22-08-2011,"2,560"
234,23-08-2011,"2,497"
235,24-08-2011,"2,430"
236,25-08-2011,"2,430"
237,26-08-2011,"2,422"
238,27-08-2011,"2,387"
239,28-08-2011,"2,381"
240,29-08-2011,"2,325"
241,30-08-2011,"2,300"
242,31-08-2011,"2,300"
243,01-09-2011,"2,573"
244,02-09-2011,"2,554"
245,03-09-2011,"2,564"
246,04-09-2011,"2,573"
247,05-09-2011,"2,511"
248,06-09-2011,"2,674"
249,07-09-2011,"2,640"
250,08-09-2011,"2,629"
251,09-09-2011,"2,778"
252,10-09-2011,"2,800"
253,11-09-2011,"2,767"
254,12-09-2011,"2,765"
255,13-09-2011,"2,775"
256,14-09-2011,"2,719"
257,15-09-2011,"2,719"
258,16-09-2011,"2,797"
259,17-09-2011,"2,787"
260,18-09-2011,"2,774"
261,19-09-2011,"2,813"
262,20-09-2011,"2,815"
263,21-09-2011,"2,770"
264,22-09-2011,"2,750"
265,23-09-2011,"2,704"
266,24-09-2011,"2,749"
267,25-09-2011,"2,804"
268,26-09-2011,"2,781"
269,27-09-2011,"2,776"
270,28-09-2011,"2,734"
271,29-09-2011,"2,710"
272,30-09-2011,"2,717"
273,01-10-2011,"2,720"
274,02-10-2011,"2,756"
275,03-10-2011,"2,756"
276,04-10-2011,"2,752"
277,05-10-2011,"2,726"
278,06-10-2011,"2,738"
279,07-10-2011,"2,670"
280,08-10-2011,"2,669"
281,09-10-2011,"2,677"
282,10-10-2011,"2,670"
283,11-10-2011,"2,636"
284,12-10-2011,"2,620"
285,13-10-2011,"2,644"
286,14-10-2011,"2,644"
287,15-10-2011,"2,677"
288,16-10-2011,"2,688"
289,17-10-2011,"2,687"
290,18-10-2011,"2,668"
291,19-10-2011,"2,669"
292,20-10-2011,"2,669"
293,21-10-2011,"2,664"
294,22-10-2011,"2,634"
295,23-10-2011,"2,634"
296,24-10-2011,"2,625"
297,25-10-2011,"2,618"
298,26-10-2011,"2,638"
299,27-10-2011,"2,587"
300,28-10-2011,"2,578"
301,29-10-2011,"2,611"
302,30-10-2011,"2,611"
303,31-10-2011,"2,601"
304,01-11-2011,"2,867"
305,02-11-2011,"2,863"
306,03-11-2011,"2,842"
307,04-11-2011,"2,842"
308,05-11-2011,"2,838"
309,06-11-2011,"2,834"
310,07-11-2011,"2,856"
311,08-11-2011,"2,856"
312,09-11-2011,"2,848"
313,10-11-2011,"2,842"
314,11-11-2011,"2,872"
315,12-11-2011,"2,866"
316,13-11-2011,"2,846"
317,14-11-2011,"2,836"
318,15-11-2011,"2,884"
319,16-11-2011,"2,887"
320,17-11-2011,"2,887"
321,18-11-2011,"2,887"
322,19-11-2011,"2,887"
323,20-11-2011,"2,861"
324,21-11-2011,"2,852"
325,22-11-2011,"2,870"
326,23-11-2011,"2,841"
327,24-11-2011,"2,788"
328,25-11-2011,"2,788"
329,26-11-2011,"2,788"
330,27-11-2011,"2,791"
331,28-11-2011,"2,761"
332,29-11-2011,"2,752"
333,30-11-2011,"2,710"
334,01-12-2011,"2,732"
335,02-12-2011,"2,685"
336,03-12-2011,"2,665"
337,04-12-2011,"2,726"
338,05-12-2011,"2,759"
339,06-12-2011,"2,775"
340,07-12-2011,"2,779"
341,08-12-2011,"2,778"
342,09-12-2011,"2,770"
343,10-12-2011,"2,764"
344,11-12-2011,"2,779"
345,12-12-2011,"2,769"
346,13-12-2011,"2,755"
347,14-12-2011,"2,764"
348,15-12-2011,"2,752"
349,16-12-2011,"2,730"
350,17-12-2011,"2,738"
351,18-12-2011,"2,806"
352,19-12-2011,"2,881"
353,20-12-2011,"2,880"
354,21-12-2011,"2,910"
355,22-12-2011,"2,910"
356,23-12-2011,"2,904"
357,24-12-2011,"2,907"
358,25-12-2011,"2,894"
359,26-12-2011,"2,878"
360,27-12-2011,"2,895"
361,28-12-2011,"2,895"
362,29-12-2011,"2,889"
363,30-12-2011,"2,885"
364,31-12-2011,"2,888"
365,01-01-2012,"2,806"
366,02-01-2012,"2,791"
367,03-01-2012,"2,799"
368,04-01-2012,"2,794"
369,05-01-2012,"2,763"
370,06-01-2012,"2,763"
371,07-01-2012,"2,721"
372,08-01-2012,"2,740"
373,09-01-2012,"2,745"
374,10-01-2012,"2,749"
375,11-01-2012,"2,746"
376,12-01-2012,"2,727"
377,13-01-2012,"2,731"
378,14-01-2012,"2,735"
379,15-01-2012,"2,748"
380,16-01-2012,"2,747"
381,17-01-2012,"2,751"
382,18-01-2012,"2,743"
383,19-01-2012,"2,744"
384,20-01-2012,"2,766"
385,21-01-2012,"2,753"
386,22-01-2012,"2,751"
387,23-01-2012,"2,761"
388,24-01-2012,"2,777"
389,25-01-2012,"2,774"
390,26-01-2012,"2,774"
391,27-01-2012,"2,759"
392,28-01-2012,"2,759"
393,29-01-2012,"2,739"
394,30-01-2012,"2,730"
395,31-01-2012,"2,732"
396,01-02-2012,"2,794"
397,02-02-2012,"2,870"
398,03-02-2012,"2,867"
399,04-02-2012,"2,867"
400,05-02-2012,"2,864"
401,06-02-2012,"2,865"
402,07-02-2012,"2,870"
403,08-02-2012,"2,838"
404,09-02-2012,"2,814"
405,10-02-2012,"2,811"
406,11-02-2012,"2,811"
407,12-02-2012,"2,808"
408,13-02-2012,"2,806"
409,14-02-2012,"2,807"
410,15-02-2012,"2,809"
411,16-02-2012,"2,798"
412,17-02-2012,"2,803"
413,18-02-2012,"2,825"
414,19-02-2012,"2,825"
415,20-02-2012,"2,808"
416,21-02-2012,"2,817"
417,22-02-2012,"2,820"
418,23-02-2012,"2,791"
419,24-02-2012,"2,787"
420,25-02-2012,"2,789"
421,26-02-2012,"2,755"
422,27-02-2012,"2,776"
423,28-02-2012,"2,801"
424,29-02-2012,"2,804"
425,01-03-2012,"2,801"
426,02-03-2012,"2,812"
427,03-03-2012,"2,811"
428,04-03-2012,"2,811"
429,05-03-2012,"2,827"
430,06-03-2012,"2,810"
431,07-03-2012,"2,810"
432,08-03-2012,"2,765"
433,09-03-2012,"2,789"
434,10-03-2012,"2,781"
435,11-03-2012,"2,781"
436,12-03-2012,"2,778"
437,13-03-2012,"2,780"
438,14-03-2012,"2,788"
439,15-03-2012,"2,784"
440,16-03-2012,"2,770"
441,17-03-2012,"2,737"
442,18-03-2012,"2,747"
443,19-03-2012,"2,778"
444,20-03-2012,"2,794"
445,21-03-2012,"2,797"
446,22-03-2012,"2,797"
447,23-03-2012,"2,767"
448,24-03-2012,"2,791"
449,25-03-2012,"2,783"
450,26-03-2012,"2,782"
451,27-03-2012,"2,788"
452,28-03-2012,"2,802"
453,29-03-2012,"2,798"
454,30-03-2012,"2,793"
455,31-03-2012,"2,779"
456,01-04-2012,"2,904"
457,02-04-2012,"2,911"
458,03-04-2012,"2,907"
459,04-04-2012,"2,901"
460,05-04-2012,"2,883"
461,06-04-2012,"2,877"
462,07-04-2012,"2,880"
463,08-04-2012,"2,865"
464,09-04-2012,"2,871"
465,10-04-2012,"2,866"
466,11-04-2012,"2,860"
467,12-04-2012,"2,848"
468,13-04-2012,"2,848"
469,14-04-2012,"2,842"
470,15-04-2012,"2,848"
471,16-04-2012,"2,859"
472,17-04-2012,"2,859"
473,18-04-2012,"2,859"
474,19-04-2012,"2,855"
475,20-04-2012,"2,857"
476,21-04-2012,"2,834"
477,22-04-2012,"2,820"
478,23-04-2012,"2,820"
479,24-04-2012,"2,808"
480,25-04-2012,"2,808"
481,26-04-2012,"2,801"
482,27-04-2012,"2,753"
483,28-04-2012,"2,788"
484,29-04-2012,"2,787"
485,30-04-2012,"2,801"
486,01-05-2012,"2,907"
487,02-05-2012,"2,883"
488,03-05-2012,"2,889"
489,04-05-2012,"2,893"
490,05-05-2012,"2,893"
491,06-05-2012,"2,892"
492,07-05-2012,"2,877"
493,08-05-2012,"2,894"
494,09-05-2012,"2,888"
495,10-05-2012,"2,893"
496,11-05-2012,"2,896"
497,12-05-2012,"2,896"
498,13-05-2012,"2,892"
499,14-05-2012,"2,855"
500,15-05-2012,"2,798"
501,16-05-2012,"2,789"
502,17-05-2012,"2,803"
503,18-05-2012,"2,819"
504,19-05-2012,"2,838"
505,20-05-2012,"2,834"
506,21-05-2012,"2,831"
507,22-05-2012,"2,842"
508,23-05-2012,"2,848"
509,24-05-2012,"2,864"
510,25-05-2012,"2,892"
511,26-05-2012,"2,917"
512,27-05-2012,"2,917"
513,28-05-2012,"2,910"
514,29-05-2012,"2,915"
515,30-05-2012,"2,912"
516,31-05-2012,"2,912"
517,01-06-2012,"2,966"
518,02-06-2012,"2,947"
519,03-06-2012,"2,966"
520,04-06-2012,"2,991"
521,05-06-2012,"2,995"
522,06-06-2012,"2,977"
523,07-06-2012,"2,998"
524,08-06-2012,"2,998"
525,09-06-2012,"2,980"
526,10-06-2012,"2,986"
527,11-06-2012,"3,009"
528,12-06-2012,"3,020"
529,13-06-2012,"2,999"
530,14-06-2012,"3,015"
531,15-06-2012,"3,013"
532,16-06-2012,"3,011"
533,17-06-2012,"3,003"
534,18-06-2012,"2,995"
535,19-06-2012,"2,971"
536,20-06-2012,"2,955"
537,21-06-2012,"2,955"
538,22-06-2012,"2,954"
539,23-06-2012,"2,920"
540,24-06-2012,"2,936"
541,25-06-2012,"3,001"
542,26-06-2012,"2,991"
543,27-06-2012,"2,966"
544,28-06-2012,"2,985"
545,29-06-2012,"2,975"
546,30-06-2012,"2,885"
547,01-07-2012,"2,978"
548,02-07-2012,"2,977"
549,03-07-2012,"2,980"
550,04-07-2012,"2,978"
551,05-07-2012,"2,977"
552,06-07-2012,"2,975"
553,07-07-2012,"2,957"
554,08-07-2012,"2,940"
555,09-07-2012,"2,928"
556,10-07-2012,"2,928"
557,11-07-2012,"2,928"
558,12-07-2012,"2,915"
559,13-07-2012,"2,923"
560,14-07-2012,"2,916"
561,15-07-2012,"2,922"
562,16-07-2012,"2,919"
563,17-07-2012,"2,927"
564,18-07-2012,"2,926"
565,19-07-2012,"2,922"
566,20-07-2012,"2,919"
567,21-07-2012,"2,925"
568,22-07-2012,"2,948"
569,23-07-2012,"2,961"
570,24-07-2012,"2,963"
571,25-07-2012,"2,959"
572,26-07-2012,"2,958"
573,27-07-2012,"2,958"
574,28-07-2012,"2,947"
575,29-07-2012,"2,951"
576,30-07-2012,"2,962"
577,31-07-2012,"2,967"
578,01-08-2012,"3,078"
579,02-08-2012,"3,077"
580,03-08-2012,"3,081"
581,04-08-2012,"3,088"
582,05-08-2012,"3,094"
583,06-08-2012,"3,094"
584,07-08-2012,"3,089"
585,08-08-2012,"3,074"
586,09-08-2012,"3,031"
587,10-08-2012,"3,033"
588,11-08-2012,"3,018"
589,12-08-2012,"3,013"
590,13-08-2012,"3,016"
591,14-08-2012,"3,016"
592,15-08-2012,"3,012"
593,16-08-2012,"3,002"
594,17-08-2012,"3,002"
595,18-08-2012,"2,999"
596,19-08-2012,"3,003"
597,20-08-2012,"3,003"
598,21-08-2012,"3,003"
599,22-08-2012,"2,992"
600,23-08-2012,"2,991"
601,24-08-2012,"2,976"
602,25-08-2012,"2,982"
603,26-08-2012,"2,990"
604,27-08-2012,"2,990"
605,28-08-2012,"2,989"
606,29-08-2012,"2,956"
607,30-08-2012,"2,963"
608,31-08-2012,"2,957"
609,01-09-2012,"3,122"
610,02-09-2012,"3,118"
611,03-09-2012,"3,122"
612,04-09-2012,"3,114"
613,05-09-2012,"3,126"
614,06-09-2012,"3,139"
615,07-09-2012,"3,130"
616,08-09-2012,"3,151"
617,09-09-2012,"3,149"
618,10-09-2012,"3,153"
619,11-09-2012,"3,185"
620,12-09-2012,"3,194"
621,13-09-2012,"3,165"
622,14-09-2012,"3,178"
623,15-09-2012,"3,188"
624,16-09-2012,"3,186"
625,17-09-2012,"3,188"
626,18-09-2012,"3,182"
627,19-09-2012,"3,183"
628,20-09-2012,"3,186"
629,21-09-2012,"3,188"
630,22-09-2012,"3,188"
631,23-09-2012,"3,188"
632,24-09-2012,"3,128"
633,25-09-2012,"3,144"
634,26-09-2012,"3,144"
635,27-09-2012,"3,127"
636,28-09-2012,"3,122"
637,29-09-2012,"3,134"
638,30-09-2012,"3,122"
639,01-10-2012,"3,108"
640,02-10-2012,"3,101"
641,03-10-2012,"3,102"
642,04-10-2012,"3,102"
643,05-10-2012,"3,100"
644,06-10-2012,"3,088"
645,07-10-2012,"3,084"
646,08-10-2012,"3,085"
647,09-10-2012,"3,092"
648,10-10-2012,"3,102"
649,11-10-2012,"3,129"
650,12-10-2012,"3,126"
651,13-10-2012,"3,125"
652,14-10-2012,"3,113"
653,15-10-2012,"3,105"
654,16-10-2012,"3,088"
655,17-10-2012,"3,098"
656,18-10-2012,"3,128"
657,19-10-2012,"3,127"
658,20-10-2012,"3,127"
659,21-10-2012,"3,130"
660,22-10-2012,"3,133"
661,23-10-2012,"3,131"
662,24-10-2012,"3,109"
663,25-10-2012,"3,118"
664,26-10-2012,"3,113"
665,27-10-2012,"3,071"
666,28-10-2012,"3,073"
667,29-10-2012,"3,098"
668,30-10-2012,"3,104"
669,31-10-2012,"3,099"
670,01-11-2012,"3,110"
671,02-11-2012,"3,154"
672,03-11-2012,"3,185"
673,04-11-2012,"3,222"
674,05-11-2012,"3,224"
675,06-11-2012,"3,224"
676,07-11-2012,"3,224"
677,08-11-2012,"3,184"
678,09-11-2012,"3,180"
679,10-11-2012,"3,172"
680,11-11-2012,"3,169"
681,12-11-2012,"3,162"
682,13-11-2012,"3,164"
683,14-11-2012,"3,164"
684,15-11-2012,"3,146"
685,16-11-2012,"3,143"
686,17-11-2012,"3,162"
687,18-11-2012,"3,168"
688,19-11-2012,"3,164"
689,20-11-2012,"3,164"
690,21-11-2012,"3,162"
691,22-11-2012,"3,134"
692,23-11-2012,"3,121"
693,24-11-2012,"3,113"
694,25-11-2012,"3,087"
695,26-11-2012,"3,050"
696,27-11-2012,"3,050"
697,28-11-2012,"3,045"
698,29-11-2012,"3,043"
699,30-11-2012,"3,094"
700,01-12-2012,"3,068"
701,02-12-2012,"3,070"
702,03-12-2012,"3,066"
703,04-12-2012,"3,066"
704,05-12-2012,"3,064"
705,06-12-2012,"3,069"
706,07-12-2012,"3,084"
707,08-12-2012,"3,083"
708,09-12-2012,"3,090"
709,10-12-2012,"3,090"
710,11-12-2012,"3,048"
711,12-12-2012,"3,045"
712,13-12-2012,"3,079"
713,14-12-2012,"3,110"
714,15-12-2012,"3,112"
715,16-12-2012,"3,121"
716,17-12-2012,"3,118"
717,18-12-2012,"3,117"
718,19-12-2012,"3,114"
719,20-12-2012,"3,134"
720,21-12-2012,"3,134"
721,22-12-2012,"3,134"
722,23-12-2012,"3,134"
723,24-12-2012,"3,128"
724,25-12-2012,"3,109"
725,26-12-2012,"3,096"
726,27-12-2012,"3,095"
727,28-12-2012,"3,098"
728,29-12-2012,"3,111"
729,30-12-2012,"3,111"
730,31-12-2012,"3,107"
731,01-01-2013,"2,987"
732,02-01-2013,"3,004"
733,03-01-2013,"3,025"
734,04-01-2013,"3,031"
735,05-01-2013,"3,033"
736,06-01-2013,"3,033"
737,07-01-2013,"3,032"
738,08-01-2013,"3,047"
739,09-01-2013,"3,067"
740,10-01-2013,"3,074"
741,11-01-2013,"3,057"
742,12-01-2013,"3,057"
743,13-01-2013,"3,056"
744,14-01-2013,"3,061"
745,15-01-2013,"3,058"
746,16-01-2013,"3,084"
747,17-01-2013,"3,074"
748,18-01-2013,"3,074"
749,19-01-2013,"3,079"
750,20-01-2013,"3,077"
751,21-01-2013,"3,074"
752,22-01-2013,"3,074"
753,23-01-2013,"3,079"
754,24-01-2013,"3,086"
755,25-01-2013,"3,088"
756,26-01-2013,"3,090"
757,27-01-2013,"3,080"
758,28-01-2013,"3,066"
759,29-01-2013,"3,096"
760,30-01-2013,"3,083"
761,31-01-2013,"3,083"
762,01-02-2013,"2,955"
763,02-02-2013,"2,974"
764,03-02-2013,"2,962"
765,04-02-2013,"2,954"
766,05-02-2013,"2,961"
767,06-02-2013,"2,949"
768,10-02-2013,"2,947"
769,11-02-2013,"2,929"
770,13-02-2013,"2,955"
771,14-02-2013,"3,004"
772,15-02-2013,"3,017"
773,16-02-2013,"3,020"
774,17-02-2013,"3,015"
775,18-02-2013,"3,014"
776,19-02-2013,"3,047"
777,20-02-2013,"3,058"
778,21-02-2013,"3,081"
779,22-02-2013,"3,081"
780,23-02-2013,"3,060"
781,24-02-2013,"3,029"
782,25-02-2013,"3,001"
783,26-02-2013,"3,004"
784,27-02-2013,"2,993"
785,28-02-2013,"2,986"
786,01-03-2013,"2,941"
787,02-03-2013,"2,934"
788,03-03-2013,"2,945"
789,04-03-2013,"2,945"
790,05-03-2013,"2,946"
791,06-03-2013,"2,944"
792,07-03-2013,"2,940"
793,08-03-2013,"2,970"
794,09-03-2013,"2,968"
795,10-03-2013,"2,967"
796,11-03-2013,"2,963"
797,12-03-2013,"2,970"
798,13-03-2013,"2,949"
799,14-03-2013,"2,938"
800,15-03-2013,"2,938"
801,16-03-2013,"2,937"
802,17-03-2013,"2,932"
803,18-03-2013,"2,929"
804,19-03-2013,"2,942"
805,20-03-2013,"2,932"
806,21-03-2013,"2,931"
807,22-03-2013,"2,935"
808,23-03-2013,"2,933"
809,24-03-2013,"2,917"
810,25-03-2013,"2,939"
811,26-03-2013,"2,948"
812,27-03-2013,"2,959"
813,28-03-2013,"2,962"
814,29-03-2013,"2,974"
815,30-03-2013,"2,970"
816,31-03-2013,"2,950"
817,01-04-2013,"2,688"
818,02-04-2013,"2,707"
819,03-04-2013,"2,719"
820,04-04-2013,"2,708"
821,05-04-2013,"2,697"
822,06-04-2013,"2,643"
823,07-04-2013,"2,618"
824,08-04-2013,"2,611"
825,09-04-2013,"2,606"
826,10-04-2013,"2,606"
827,11-04-2013,"2,582"
828,12-04-2013,"2,570"
829,13-04-2013,"2,539"
830,14-04-2013,"2,546"
831,15-04-2013,"2,547"
832,16-04-2013,"2,548"
833,17-04-2013,"2,794"
834,18-04-2013,"2,783"
835,19-04-2013,"2,819"
836,20-04-2013,"2,908"
837,21-04-2013,"2,922"
838,22-04-2013,"2,949"
839,23-04-2013,"2,950"
840,24-04-2013,"2,976"
841,25-04-2013,"2,972"
842,26-04-2013,"2,905"
843,27-04-2013,"2,877"
844,28-04-2013,"2,882"
845,29-04-2013,"2,913"
846,30-04-2013,"2,941"
847,01-05-2013,"2,693"
848,02-05-2013,"2,657"
849,03-05-2013,"2,640"
850,04-05-2013,"2,624"
851,05-05-2013,"2,639"
852,06-05-2013,"2,642"
853,07-05-2013,"2,642"
854,08-05-2013,"2,626"
855,09-05-2013,"2,596"
856,10-05-2013,"2,605"
857,11-05-2013,"2,588"
858,12-05-2013,"2,542"
859,13-05-2013,"2,585"
860,14-05-2013,"2,581"
861,15-05-2013,"2,584"
862,16-05-2013,"2,589"
863,17-05-2013,"2,621"
864,18-05-2013,"2,672"
865,19-05-2013,"2,671"
866,20-05-2013,"2,699"
867,21-05-2013,"2,685"
868,22-05-2013,"2,660"
869,23-05-2013,"2,697"
870,24-05-2013,"2,672"
871,25-05-2013,"2,663"
872,26-05-2013,"2,696"
873,27-05-2013,"2,696"
874,28-05-2013,"2,684"
875,29-05-2013,"2,683"
876,30-05-2013,"2,655"
877,31-05-2013,"2,639"
878,01-06-2013,"2,567"
879,02-06-2013,"2,556"
880,03-06-2013,"2,489"
881,04-06-2013,"2,540"
882,05-06-2013,"2,580"
883,06-06-2013,"2,654"
884,07-06-2013,"2,668"
885,08-06-2013,"2,701"
886,09-06-2013,"2,696"
887,10-06-2013,"2,673"
888,11-06-2013,"2,693"
889,12-06-2013,"2,786"
890,13-06-2013,"2,785"
891,14-06-2013,"2,778"
892,15-06-2013,"2,786"
893,16-06-2013,"2,781"
894,17-06-2013,"2,759"
895,18-06-2013,"2,774"
896,19-06-2013,"2,763"
897,20-06-2013,"2,776"
898,21-06-2013,"2,759"
899,22-06-2013,"2,759"
900,23-06-2013,"2,752"
901,24-06-2013,"2,749"
902,25-06-2013,"2,749"
903,26-06-2013,"2,710"
904,27-06-2013,"2,693"
905,28-06-2013,"2,680"
906,29-06-2013,"2,680"
907,30-06-2013,"2,679"
908,01-07-2013,"2,802"
909,02-07-2013,"2,815"
910,03-07-2013,"2,763"
911,04-07-2013,"2,763"
912,05-07-2013,"2,743"
913,06-07-2013,"2,725"
914,07-07-2013,"2,703"
915,08-07-2013,"2,726"
916,09-07-2013,"2,750"
917,10-07-2013,"2,671"
918,11-07-2013,"2,671"
919,12-07-2013,"2,671"
920,13-07-2013,"2,665"
921,14-07-2013,"2,636"
922,15-07-2013,"2,629"
923,16-07-2013,"2,636"
924,17-07-2013,"2,645"
925,18-07-2013,"2,674"
926,19-07-2013,"2,661"
927,20-07-2013,"2,648"
928,21-07-2013,"2,615"
929,22-07-2013,"2,599"
930,23-07-2013,"2,604"
931,24-07-2013,"2,590"
932,25-07-2013,"2,604"
933,26-07-2013,"2,586"
934,27-07-2013,"2,577"
935,28-07-2013,"2,614"
936,29-07-2013,"2,591"
937,30-07-2013,"2,589"
938,31-07-2013,"2,561"
939,01-08-2013,"3,288"
940,02-08-2013,"3,265"
941,03-08-2013,"3,312"
942,04-08-2013,"3,329"
943,05-08-2013,"3,188"
944,06-08-2013,"3,173"
945,07-08-2013,"3,173"
946,08-08-2013,"3,173"
947,09-08-2013,"3,108"
948,10-08-2013,"3,113"
949,11-08-2013,"3,069"
950,12-08-2013,"3,050"
951,13-08-2013,"3,071"
952,14-08-2013,"3,079"
953,15-08-2013,"3,069"
954,16-08-2013,"2,915"
955,17-08-2013,"2,915"
956,18-08-2013,"2,879"
957,19-08-2013,"2,880"
958,20-08-2013,"2,790"
959,21-08-2013,"2,790"
960,22-08-2013,"2,790"
961,23-08-2013,"2,781"
962,24-08-2013,"2,758"
963,25-08-2013,"2,738"
964,26-08-2013,"2,759"
965,27-08-2013,"2,781"
966,28-08-2013,"2,845"
967,29-08-2013,"2,844"
968,30-08-2013,"2,786"
969,31-08-2013,"2,807"
970,01-09-2013,"3,032"
971,02-09-2013,"3,074"
972,03-09-2013,"3,074"
973,04-09-2013,"2,974"
974,05-09-2013,"2,979"
975,06-09-2013,"2,985"
976,07-09-2013,"2,960"
977,08-09-2013,"2,959"
978,09-09-2013,"2,991"
979,10-09-2013,"2,991"
980,11-09-2013,"2,989"
981,12-09-2013,"2,994"
982,13-09-2013,"2,938"
983,14-09-2013,"2,968"
984,15-09-2013,"2,945"
985,16-09-2013,"3,014"
986,17-09-2013,"2,955"
987,18-09-2013,"2,954"
988,19-09-2013,"2,997"
989,20-09-2013,"3,053"
990,21-09-2013,"3,061"
991,22-09-2013,"3,155"
992,23-09-2013,"3,186"
993,24-09-2013,"3,186"
994,25-09-2013,"3,165"
995,26-09-2013,"3,205"
996,27-09-2013,"3,260"
997,28-09-2013,"3,302"
998,29-09-2013,"3,254"
999,30-09-2013,"3,298"
1000,01-10-2013,"2,975"
1001,02-10-2013,"3,010"
1002,03-10-2013,"3,015"
1003,04-10-2013,"3,071"
1004,05-10-2013,"3,071"
1005,06-10-2013,"3,071"
1006,07-10-2013,"3,046"
1007,08-10-2013,"3,016"
1008,09-10-2013,"3,008"
1009,10-10-2013,"2,967"
1010,11-10-2013,"2,949"
1011,12-10-2013,"2,949"
1012,13-10-2013,"2,949"
1013,14-10-2013,"2,940"
1014,15-10-2013,"2,878"
1015,16-10-2013,"2,876"
1016,17-10-2013,"2,842"
1017,18-10-2013,"2,835"
1018,19-10-2013,"2,835"
1019,20-10-2013,"2,835"
1020,21-10-2013,"2,837"
1021,22-10-2013,"2,886"
1022,23-10-2013,"2,907"
1023,24-10-2013,"2,946"
1024,25-10-2013,"2,908"
1025,26-10-2013,"2,908"
1026,27-10-2013,"2,908"
1027,28-10-2013,"2,937"
1028,29-10-2013,"2,965"
1029,30-10-2013,"2,965"
1030,31-10-2013,"2,951"
1031,01-11-2013,"3,022"
1032,02-11-2013,"3,005"
1033,03-11-2013,"2,993"
1034,04-11-2013,"2,997"
1035,05-11-2013,"3,010"
1036,06-11-2013,"2,964"
1037,07-11-2013,"2,983"
1038,08-11-2013,"2,983"
1039,09-11-2013,"2,987"
1040,10-11-2013,"2,995"
1041,11-11-2013,"3,015"
1042,12-11-2013,"2,999"
1043,13-11-2013,"3,008"
1044,14-11-2013,"3,033"
1045,15-11-2013,"3,033"
1046,16-11-2013,"3,026"
1047,17-11-2013,"3,003"
1048,18-11-2013,"3,000"
1049,19-11-2013,"3,004"
1050,20-11-2013,"2,975"
1051,21-11-2013,"2,976"
1052,22-11-2013,"2,976"
1053,23-11-2013,"2,974"
1054,24-11-2013,"2,982"
1055,25-11-2013,"2,966"
1056,26-11-2013,"2,959"
1057,27-11-2013,"2,984"
1058,28-11-2013,"2,983"
1059,29-11-2013,"2,983"
1060,30-11-2013,"2,977"
1061,01-12-2013,"2,810"
1062,02-12-2013,"2,838"
1063,03-12-2013,"2,855"
1064,04-12-2013,"2,855"
1065,05-12-2013,"2,842"
1066,06-12-2013,"2,843"
1067,07-12-2013,"2,843"
1068,08-12-2013,"2,831"
1069,09-12-2013,"2,834"
1070,10-12-2013,"2,855"
1071,11-12-2013,"2,854"
1072,12-12-2013,"2,829"
1073,13-12-2013,"2,837"
1074,14-12-2013,"2,868"
1075,15-12-2013,"2,874"
1076,16-12-2013,"2,882"
1077,17-12-2013,"2,944"
1078,18-12-2013,"2,942"
1079,19-12-2013,"2,918"
1080,20-12-2013,"2,918"
1081,21-12-2013,"2,944"
1082,22-12-2013,"2,908"
1083,23-12-2013,"2,888"
1084,24-12-2013,"2,897"
1085,25-12-2013,"2,897"
1086,26-12-2013,"2,890"
1087,27-12-2013,"2,903"
1088,28-12-2013,"3,022"
1089,29-12-2013,"3,004"
1090,30-12-2013,"3,002"
1091,31-12-2013,"3,022"
1092,01-01-2014,"2,929"
1093,02-01-2014,"2,942"
1094,03-01-2014,"2,936"
1095,04-01-2014,"2,949"
1096,05-01-2014,"2,954"
1097,06-01-2014,"2,954"
1098,07-01-2014,"2,951"
1099,08-01-2014,"2,930"
1100,09-01-2014,"2,905"
1101,10-01-2014,"2,915"
1102,11-01-2014,"2,917"
1103,12-01-2014,"2,928"
1104,13-01-2014,"2,928"
1105,14-01-2014,"2,925"
1106,15-01-2014,"2,896"
1107,16-01-2014,"2,899"
1108,17-01-2014,"2,889"
1109,18-01-2014,"2,908"
1110,19-01-2014,"2,902"
1111,20-01-2014,"2,902"
1112,21-01-2014,"2,902"
1113,22-01-2014,"2,882"
1114,23-01-2014,"2,875"
1115,24-01-2014,"2,873"
1116,25-01-2014,"2,883"
1117,26-01-2014,"2,906"
1118,27-01-2014,"2,915"
1119,28-01-2014,"2,915"
1120,29-01-2014,"2,890"
1121,30-01-2014,"2,841"
1122,31-01-2014,"2,839"
1123,01-02-2014,"3,005"
1124,02-02-2014,"3,005"
1125,03-02-2014,"3,016"
1126,04-02-2014,"3,010"
1127,05-02-2014,"2,989"
1128,06-02-2014,"2,989"
1129,07-02-2014,"2,988"
1130,08-02-2014,"2,981"
1131,09-02-2014,"2,985"
1132,10-02-2014,"2,987"
1133,11-02-2014,"3,000"
1134,12-02-2014,"2,934"
1135,13-02-2014,"2,934"
1136,14-02-2014,"2,934"
1137,15-02-2014,"2,918"
1138,16-02-2014,"2,909"
1139,17-02-2014,"2,904"
1140,18-02-2014,"2,892"
1141,19-02-2014,"2,876"
1142,20-02-2014,"2,876"
1143,21-02-2014,"2,875"
1144,22-02-2014,"2,866"
1145,23-02-2014,"2,866"
1146,24-02-2014,"2,863"
1147,25-02-2014,"2,962"
1148,26-02-2014,"2,946"
1149,27-02-2014,"2,950"
1150,28-02-2014,"2,944"
1151,01-03-2014,"2,839"
1152,02-03-2014,"2,839"
1153,03-03-2014,"2,839"
1154,04-03-2014,"2,818"
1155,05-03-2014,"2,832"
1156,06-03-2014,"2,845"
1157,07-03-2014,"2,897"
1158,08-03-2014,"2,918"
1159,09-03-2014,"2,976"
1160,10-03-2014,"2,974"
1161,11-03-2014,"2,971"
1162,12-03-2014,"2,976"
1163,13-03-2014,"3,003"
1164,14-03-2014,"3,015"
1165,15-03-2014,"3,038"
1166,16-03-2014,"3,059"
1167,17-03-2014,"3,059"
1168,18-03-2014,"3,047"
1169,19-03-2014,"3,038"
1170,20-03-2014,"3,023"
1171,21-03-2014,"2,999"
1172,22-03-2014,"2,997"
1173,23-03-2014,"3,014"
1174,24-03-2014,"3,014"
1175,25-03-2014,"3,022"
1176,26-03-2014,"2,992"
1177,27-03-2014,"3,013"
1178,28-03-2014,"3,011"
1179,29-03-2014,"3,008"
1180,30-03-2014,"3,008"
1181,31-03-2014,"3,008"
1182,01-04-2014,"2,862"
1183,02-04-2014,"2,872"
1184,03-04-2014,"2,890"
1185,04-04-2014,"2,890"
1186,05-04-2014,"2,890"
1187,06-04-2014,"2,880"
1188,07-04-2014,"2,880"
1189,08-04-2014,"2,858"
1190,09-04-2014,"2,851"
1191,10-04-2014,"2,831"
1192,11-04-2014,"2,853"
1193,12-04-2014,"2,853"
1194,13-04-2014,"2,853"
1195,14-04-2014,"2,849"
1196,15-04-2014,"2,836"
1197,16-04-2014,"2,836"
1198,17-04-2014,"2,876"
1199,18-04-2014,"2,876"
1200,19-04-2014,"2,876"
1201,20-04-2014,"2,868"
1202,21-04-2014,"2,838"
1203,22-04-2014,"2,838"
1204,23-04-2014,"2,836"
1205,24-04-2014,"2,825"
1206,25-04-2014,"2,825"
1207,26-04-2014,"2,825"
1208,27-04-2014,"2,845"
1209,28-04-2014,"2,815"
1210,29-04-2014,"2,805"
1211,30-04-2014,"2,815"
1212,01-05-2014,"2,690"
1213,02-05-2014,"2,672"
1214,03-05-2014,"2,658"
1215,04-05-2014,"2,674"
1216,05-05-2014,"2,691"
1217,06-05-2014,"2,733"
1218,07-05-2014,"2,738"
1219,08-05-2014,"2,738"
1220,09-05-2014,"2,718"
1221,10-05-2014,"2,711"
1222,11-05-2014,"2,742"
1223,12-05-2014,"2,808"
1224,13-05-2014,"2,811"
1225,14-05-2014,"2,813"
1226,15-05-2014,"2,813"
1227,16-05-2014,"2,805"
1228,17-05-2014,"2,845"
1229,18-05-2014,"2,847"
1230,19-05-2014,"2,848"
1231,20-05-2014,"2,841"
1232,21-05-2014,"2,851"
1233,22-05-2014,"2,851"
1234,23-05-2014,"2,851"
1235,24-05-2014,"2,849"
1236,25-05-2014,"2,852"
1237,26-05-2014,"2,886"
1238,27-05-2014,"2,886"
1239,28-05-2014,"2,886"
1240,29-05-2014,"2,886"
1241,30-05-2014,"2,855"
1242,31-05-2014,"2,854"
1243,01-06-2014,"2,757"
1244,02-06-2014,"2,768"
1245,03-06-2014,"2,768"
1246,04-06-2014,"2,763"
1247,05-06-2014,"2,759"
1248,06-06-2014,"2,761"
1249,07-06-2014,"2,761"
1250,08-06-2014,"2,759"
1251,09-06-2014,"2,765"
1252,10-06-2014,"2,765"
1253,11-06-2014,"2,750"
1254,12-06-2014,"2,680"
1255,13-06-2014,"2,670"
1256,14-06-2014,"2,661"
1257,15-06-2014,"2,662"
1258,16-06-2014,"2,662"
1259,17-06-2014,"2,662"
1260,18-06-2014,"2,632"
1261,19-06-2014,"2,602"
1262,20-06-2014,"2,602"
1263,21-06-2014,"2,596"
1264,22-06-2014,"2,583"
1265,23-06-2014,"2,587"
1266,24-06-2014,"2,587"
1267,25-06-2014,"2,581"
1268,26-06-2014,"2,578"
1269,27-06-2014,"2,665"
1270,28-06-2014,"2,668"
1271,29-06-2014,"2,666"
1272,30-06-2014,"2,690"
1273,01-07-2014,"2,780"
1274,02-07-2014,"2,776"
1275,03-07-2014,"2,785"
1276,04-07-2014,"2,792"
1277,05-07-2014,"2,793"
1278,06-07-2014,"2,793"
1279,07-07-2014,"2,763"
1280,08-07-2014,"2,763"
1281,09-07-2014,"2,788"
1282,10-07-2014,"2,783"
1283,11-07-2014,"2,800"
1284,12-07-2014,"2,800"
1285,13-07-2014,"2,800"
1286,14-07-2014,"2,794"
1287,15-07-2014,"2,768"
1288,16-07-2014,"2,761"
1289,17-07-2014,"2,763"
1290,18-07-2014,"2,775"
1291,19-07-2014,"2,832"
1292,20-07-2014,"2,832"
1293,21-07-2014,"2,826"
1294,22-07-2014,"2,759"
1295,23-07-2014,"2,750"
1296,24-07-2014,"2,741"
1297,25-07-2014,"2,741"
1298,26-07-2014,"2,758"
1299,27-07-2014,"2,758"
1300,28-07-2014,"2,746"
1301,29-07-2014,"2,745"
1302,30-07-2014,"2,754"
1303,31-07-2014,"2,781"
1304,01-08-2014,"2,801"
1305,02-08-2014,"2,801"
1306,03-08-2014,"2,790"
1307,04-08-2014,"2,778"
1308,05-08-2014,"2,778"
1309,06-08-2014,"2,777"
1310,07-08-2014,"2,773"
1311,08-08-2014,"2,780"
1312,09-08-2014,"2,780"
1313,10-08-2014,"2,774"
1314,11-08-2014,"2,773"
1315,12-08-2014,"2,817"
1316,13-08-2014,"2,823"
1317,14-08-2014,"2,829"
1318,15-08-2014,"2,862"
1319,16-08-2014,"2,862"
1320,17-08-2014,"2,862"
1321,18-08-2014,"2,853"
1322,19-08-2014,"2,863"
1323,20-08-2014,"2,858"
1324,21-08-2014,"2,854"
1325,22-08-2014,"2,860"
1326,23-08-2014,"2,860"
1327,24-08-2014,"2,859"
1328,25-08-2014,"2,856"
1329,26-08-2014,"2,815"
1330,27-08-2014,"2,803"
1331,28-08-2014,"2,788"
1332,29-08-2014,"2,812"
1333,30-08-2014,"2,804"
1334,31-08-2014,"2,782"
1335,01-09-2014,"2,682"
1336,02-09-2014,"2,680"
1337,03-09-2014,"2,680"
1338,04-09-2014,"2,679"
1339,05-09-2014,"2,679"
1340,06-09-2014,"2,643"
1341,07-09-2014,"2,655"
1342,08-09-2014,"2,651"
1343,09-09-2014,"2,635"
1344,10-09-2014,"2,650"
1345,11-09-2014,"2,650"
1346,12-09-2014,"2,650"
1347,13-09-2014,"2,658"
1348,14-09-2014,"2,689"
1349,15-09-2014,"2,693"
1350,16-09-2014,"2,690"
1351,17-09-2014,"2,690"
1352,18-09-2014,"2,690"
1353,19-09-2014,"2,683"
1354,20-09-2014,"2,697"
1355,21-09-2014,"2,717"
1356,22-09-2014,"2,717"
1357,23-09-2014,"2,711"
1358,24-09-2014,"2,739"
1359,25-09-2014,"2,739"
1360,26-09-2014,"2,736"
1361,27-09-2014,"2,745"
1362,28-09-2014,"2,738"
1363,29-09-2014,"2,755"
1364,30-09-2014,"2,792"
1365,01-10-2014,"2,593"
1366,02-10-2014,"2,658"
1367,03-10-2014,"2,704"
1368,04-10-2014,"2,714"
1369,05-10-2014,"2,714"
1370,06-10-2014,"2,717"
1371,07-10-2014,"2,717"
1372,08-10-2014,"2,712"
1373,09-10-2014,"2,712"
1374,10-10-2014,"2,743"
1375,11-10-2014,"2,740"
1376,12-10-2014,"2,723"
1377,13-10-2014,"2,726"
1378,14-10-2014,"2,726"
1379,15-10-2014,"2,719"
1380,16-10-2014,"2,724"
1381,17-10-2014,"2,724"
1382,18-10-2014,"2,696"
1383,19-10-2014,"2,697"
1384,20-10-2014,"2,697"
1385,21-10-2014,"2,697"
1386,22-10-2014,"2,687"
1387,23-10-2014,"2,672"
1388,24-10-2014,"2,674"
1389,25-10-2014,"2,668"
1390,26-10-2014,"2,651"
1391,27-10-2014,"2,651"
1392,28-10-2014,"2,651"
1393,29-10-2014,"2,654"
1394,30-10-2014,"2,684"
1395,31-10-2014,"2,685"
1396,01-11-2014,"2,582"
1397,02-11-2014,"2,582"
1398,03-11-2014,"2,590"
1399,04-11-2014,"2,620"
1400,05-11-2014,"2,633"
1401,06-11-2014,"2,636"
1402,07-11-2014,"2,640"
1403,08-11-2014,"2,640"
1404,09-11-2014,"2,640"
1405,10-11-2014,"2,643"
1406,11-11-2014,"2,641"
1407,12-11-2014,"2,659"
1408,13-11-2014,"2,632"
1409,14-11-2014,"2,637"
1410,15-11-2014,"2,645"
1411,16-11-2014,"2,615"
1412,17-11-2014,"2,565"
1413,18-11-2014,"2,575"
1414,19-11-2014,"2,569"
1415,20-11-2014,"2,547"
1416,21-11-2014,"2,568"
1417,22-11-2014,"2,593"
1418,23-11-2014,"2,587"
1419,24-11-2014,"2,524"
1420,25-11-2014,"2,544"
1421,26-11-2014,"2,540"
1422,27-11-2014,"2,595"
1423,28-11-2014,"2,596"
1424,29-11-2014,"2,614"
1425,30-11-2014,"2,614"
1426,01-12-2014,"2,669"
1427,02-12-2014,"2,675"
1428,03-12-2014,"2,685"
1429,04-12-2014,"2,706"
1430,05-12-2014,"2,702"
1431,06-12-2014,"2,659"
1432,07-12-2014,"2,658"
1433,08-12-2014,"2,658"
1434,09-12-2014,"2,657"
1435,10-12-2014,"2,661"
1436,11-12-2014,"2,700"
1437,12-12-2014,"2,700"
1438,13-12-2014,"2,679"
1439,14-12-2014,"2,680"
1440,15-12-2014,"2,700"
1441,16-12-2014,"2,701"
1442,17-12-2014,"2,711"
1443,18-12-2014,"2,720"
1444,19-12-2014,"2,720"
1445,20-12-2014,"2,710"
1446,21-12-2014,"2,705"
1447,22-12-2014,"2,714"
1448,23-12-2014,"2,635"
1449,24-12-2014,"2,635"
1450,25-12-2014,"2,638"
1451,26-12-2014,"2,638"
1452,27-12-2014,"2,639"
1453,28-12-2014,"2,627"
1454,29-12-2014,"2,616"
1455,30-12-2014,"2,613"
1456,31-12-2014,"2,533"
1457,01-01-2015,"2,792"
1458,02-01-2015,"2,742"
1459,03-01-2015,"2,755"
1460,04-01-2015,"2,780"
1461,05-01-2015,"2,760"
1462,06-01-2015,"2,790"
1463,07-01-2015,"2,790"
1464,08-01-2015,"2,788"
1465,09-01-2015,"2,784"
1466,10-01-2015,"2,782"
1467,11-01-2015,"2,790"
1468,12-01-2015,"2,770"
1469,13-01-2015,"2,760"
1470,14-01-2015,"2,760"
1471,15-01-2015,"2,760"
1472,16-01-2015,"2,742"
1473,17-01-2015,"2,681"
1474,18-01-2015,"2,693"
1475,19-01-2015,"2,700"
1476,20-01-2015,"2,680"
1477,21-01-2015,"2,680"
1478,22-01-2015,"2,680"
1479,23-01-2015,"2,674"
1480,24-01-2015,"2,680"
1481,25-01-2015,"2,716"
1482,26-01-2015,"2,695"
1483,27-01-2015,"2,674"
1484,28-01-2015,"2,674"
1485,29-01-2015,"2,674"
1486,30-01-2015,"2,641"
1487,31-01-2015,"2,668"
1488,01-02-2015,"2,609"
1489,02-02-2015,"2,611"
1490,03-02-2015,"2,612"
1491,04-02-2015,"2,605"
1492,05-02-2015,"2,605"
1493,06-02-2015,"2,600"
1494,07-02-2015,"2,628"
1495,08-02-2015,"2,626"
1496,09-02-2015,"2,619"
1497,10-02-2015,"2,613"
1498,11-02-2015,"2,610"
1499,12-02-2015,"2,618"
1500,13-02-2015,"2,669"
1501,14-02-2015,"2,669"
1502,15-02-2015,"2,669"
1503,16-02-2015,"2,652"
1504,17-02-2015,"2,655"
1505,18-02-2015,"2,668"
1506,19-02-2015,"2,682"
1507,20-02-2015,"2,682"
1508,21-02-2015,"2,682"
1509,22-02-2015,"2,677"
1510,23-02-2015,"2,677"
1511,24-02-2015,"2,725"
1512,25-02-2015,"2,745"
1513,26-02-2015,"2,746"
1514,27-02-2015,"2,777"
1515,28-02-2015,"2,795"
1516,01-03-2015,"2,618"
1517,02-03-2015,"2,642"
1518,03-03-2015,"2,659"
1519,04-03-2015,"2,659"
1520,05-03-2015,"2,651"
1521,06-03-2015,"2,648"
1522,07-03-2015,"2,625"
1523,08-03-2015,"2,615"
1524,09-03-2015,"2,609"
1525,10-03-2015,"2,617"
1526,11-03-2015,"2,617"
1527,12-03-2015,"2,593"
1528,13-03-2015,"2,564"
1529,14-03-2015,"2,552"
1530,15-03-2015,"2,554"
1531,16-03-2015,"2,574"
1532,17-03-2015,"2,591"
1533,18-03-2015,"2,591"
1534,19-03-2015,"2,560"
1535,20-03-2015,"2,560"
1536,21-03-2015,"2,573"
1537,22-03-2015,"2,583"
1538,23-03-2015,"2,599"
1539,24-03-2015,"2,599"
1540,25-03-2015,"2,599"
1541,26-03-2015,"2,616"
1542,27-03-2015,"2,645"
1543,28-03-2015,"2,641"
1544,29-03-2015,"2,641"
1545,30-03-2015,"2,648"
1546,31-03-2015,"2,648"
1547,01-04-2015,"2,670"
1548,02-04-2015,"2,707"
1549,03-04-2015,"2,699"
1550,04-04-2015,"2,672"
1551,05-04-2015,"2,672"
1552,06-04-2015,"2,669"
1553,07-04-2015,"2,668"
1554,08-04-2015,"2,662"
1555,09-04-2015,"2,666"
1556,10-04-2015,"2,676"
1557,11-04-2015,"2,681"
1558,12-04-2015,"2,681"
1559,13-04-2015,"2,681"
1560,14-04-2015,"2,664"
1561,15-04-2015,"2,659"
1562,16-04-2015,"2,649"
1563,17-04-2015,"2,643"
1564,18-04-2015,"2,668"
1565,19-04-2015,"2,679"
1566,20-04-2015,"2,679"
1567,21-04-2015,"2,652"
1568,22-04-2015,"2,649"
1569,23-04-2015,"2,672"
1570,24-04-2015,"2,687"
1571,25-04-2015,"2,660"
1572,26-04-2015,"2,660"
1573,27-04-2015,"2,660"
1574,28-04-2015,"2,660"
1575,29-04-2015,"2,645"
1576,30-04-2015,"2,617"
1577,01-05-2015,"2,685"
1578,02-05-2015,"2,685"
1579,03-05-2015,"2,679"
1580,04-05-2015,"2,674"
1581,05-05-2015,"2,686"
1582,06-05-2015,"2,689"
1583,07-05-2015,"2,708"
1584,08-05-2015,"2,708"
1585,09-05-2015,"2,708"
1586,10-05-2015,"2,708"
1587,11-05-2015,"2,711"
1588,12-05-2015,"2,721"
1589,13-05-2015,"2,728"
1590,14-05-2015,"2,745"
1591,15-05-2015,"2,745"
1592,16-05-2015,"2,745"
1593,17-05-2015,"2,729"
1594,18-05-2015,"2,743"
1595,19-05-2015,"2,709"
1596,20-05-2015,"2,685"
1597,21-05-2015,"2,683"
1598,22-05-2015,"2,689"
1599,23-05-2015,"2,689"
1600,24-05-2015,"2,683"
1601,25-05-2015,"2,687"
1602,26-05-2015,"2,686"
1603,27-05-2015,"2,678"
1604,28-05-2015,"2,662"
1605,29-05-2015,"2,662"
1606,30-05-2015,"2,662"
1607,31-05-2015,"2,655"
1608,01-06-2015,"2,646"
1609,02-06-2015,"2,653"
1610,03-06-2015,"2,653"
1611,04-06-2015,"2,652"
1612,05-06-2015,"2,642"
1613,06-06-2015,"2,649"
1614,07-06-2015,"2,650"
1615,08-06-2015,"2,661"
1616,09-06-2015,"2,671"
1617,10-06-2015,"2,709"
1618,11-06-2015,"2,707"
1619,12-06-2015,"2,704"
1620,13-06-2015,"2,687"
1621,14-06-2015,"2,681"
1622,15-06-2015,"2,691"
1623,16-06-2015,"2,683"
1624,17-06-2015,"2,690"
1625,18-06-2015,"2,690"
1626,19-06-2015,"2,689"
1627,20-06-2015,"2,679"
1628,21-06-2015,"2,687"
1629,22-06-2015,"2,678"
1630,23-06-2015,"2,672"
1631,24-06-2015,"2,672"
1632,25-06-2015,"2,672"
1633,26-06-2015,"2,665"
1634,27-06-2015,"2,659"
1635,28-06-2015,"2,675"
1636,29-06-2015,"2,668"
1637,30-06-2015,"2,672"
1638,01-07-2015,"2,456"
1639,02-07-2015,"2,461"
1640,03-07-2015,"2,471"
1641,04-07-2015,"2,471"
1642,05-07-2015,"2,479"
1643,06-07-2015,"2,479"
1644,07-07-2015,"2,479"
1645,08-07-2015,"2,449"
1646,09-07-2015,"2,467"
1647,10-07-2015,"2,461"
1648,11-07-2015,"2,492"
1649,12-07-2015,"2,494"
1650,13-07-2015,"2,549"
1651,14-07-2015,"2,549"
1652,15-07-2015,"2,549"
1653,16-07-2015,"2,572"
1654,17-07-2015,"2,578"
1655,18-07-2015,"2,592"
1656,19-07-2015,"2,596"
1657,20-07-2015,"2,606"
1658,21-07-2015,"2,605"
1659,22-07-2015,"2,604"
1660,23-07-2015,"2,607"
1661,24-07-2015,"2,588"
1662,25-07-2015,"2,597"
1663,26-07-2015,"2,621"
1664,27-07-2015,"2,634"
1665,28-07-2015,"2,630"
1666,29-07-2015,"2,619"
1667,30-07-2015,"2,614"
1668,31-07-2015,"2,641"
1669,01-08-2015,"2,658"
1670,02-08-2015,"2,663"
1671,03-08-2015,"2,663"
1672,04-08-2015,"2,629"
1673,05-08-2015,"2,620"
1674,06-08-2015,"2,625"
1675,07-08-2015,"2,670"
1676,08-08-2015,"2,722"
1677,09-08-2015,"2,722"
1678,10-08-2015,"2,722"
1679,11-08-2015,"2,680"
1680,12-08-2015,"2,618"
1681,13-08-2015,"2,594"
1682,14-08-2015,"2,588"
1683,15-08-2015,"2,577"
1684,16-08-2015,"2,577"
1685,17-08-2015,"2,577"
1686,18-08-2015,"2,578"
1687,19-08-2015,"2,588"
1688,20-08-2015,"2,542"
1689,21-08-2015,"2,512"
1690,22-08-2015,"2,489"
1691,23-08-2015,"2,489"
1692,24-08-2015,"2,489"
1693,25-08-2015,"2,476"
1694,26-08-2015,"2,467"
1695,27-08-2015,"2,464"
1696,28-08-2015,"2,460"
1697,29-08-2015,"2,473"
1698,30-08-2015,"2,485"
1699,31-08-2015,"2,485"
1700,01-09-2015,"2,582"
1701,02-09-2015,"2,626"
1702,03-09-2015,"2,638"
1703,04-09-2015,"2,673"
1704,05-09-2015,"2,673"
1705,06-09-2015,"2,668"
1706,07-09-2015,"2,647"
1707,08-09-2015,"2,620"
1708,09-09-2015,"2,620"
1709,10-09-2015,"2,632"
1710,11-09-2015,"2,647"
1711,12-09-2015,"2,647"
1712,13-09-2015,"2,616"
1713,14-09-2015,"2,617"
1714,15-09-2015,"2,597"
1715,16-09-2015,"2,597"
1716,17-09-2015,"2,596"
1717,18-09-2015,"2,596"
1718,19-09-2015,"2,596"
1719,20-09-2015,"2,595"
1720,21-09-2015,"2,606"
1721,22-09-2015,"2,601"
1722,23-09-2015,"2,643"
1723,24-09-2015,"2,651"
1724,25-09-2015,"2,654"
1725,26-09-2015,"2,653"
1726,27-09-2015,"2,638"
1727,28-09-2015,"2,635"
1728,29-09-2015,"2,663"
1729,30-09-2015,"2,667"
1730,01-10-2015,"2,649"
1731,02-10-2015,"2,651"
1732,03-10-2015,"2,672"
1733,04-10-2015,"2,693"
1734,05-10-2015,"2,682"
1735,06-10-2015,"2,680"
1736,07-10-2015,"2,682"
1737,08-10-2015,"2,682"
1738,09-10-2015,"2,677"
1739,10-10-2015,"2,686"
1740,11-10-2015,"2,696"
1741,12-10-2015,"2,693"
1742,13-10-2015,"2,693"
1743,14-10-2015,"2,715"
1744,15-10-2015,"2,715"
1745,16-10-2015,"2,708"
1746,17-10-2015,"2,711"
1747,18-10-2015,"2,693"
1748,19-10-2015,"2,668"
1749,20-10-2015,"2,662"
1750,21-10-2015,"2,662"
1751,22-10-2015,"2,662"
1752,23-10-2015,"2,645"
1753,24-10-2015,"2,635"
1754,25-10-2015,"2,647"
1755,26-10-2015,"2,634"
1756,27-10-2015,"2,580"
1757,28-10-2015,"2,580"
1758,29-10-2015,"2,580"
1759,30-10-2015,"2,578"
1760,31-10-2015,"2,575"
1761,01-11-2015,"2,495"
1762,02-11-2015,"2,507"
1763,03-11-2015,"2,507"
1764,04-11-2015,"2,521"
1765,05-11-2015,"2,522"
1766,06-11-2015,"2,519"
1767,07-11-2015,"2,515"
1768,08-11-2015,"2,511"
1769,09-11-2015,"2,525"
1770,10-11-2015,"2,525"
1771,11-11-2015,"2,529"
1772,12-11-2015,"2,506"
1773,13-11-2015,"2,503"
1774,14-11-2015,"2,520"
1775,15-11-2015,"2,537"
1776,16-11-2015,"2,537"
1777,17-11-2015,"2,537"
1778,18-11-2015,"2,533"
1779,19-11-2015,"2,541"
1780,20-11-2015,"2,547"
1781,21-11-2015,"2,564"
1782,22-11-2015,"2,553"
1783,23-11-2015,"2,553"
1784,24-11-2015,"2,552"
1785,25-11-2015,"2,552"
1786,26-11-2015,"2,574"
1787,27-11-2015,"2,590"
1788,28-11-2015,"2,619"
1789,29-11-2015,"2,647"
1790,30-11-2015,"2,649"
1791,01-12-2015,"2,488"
1792,02-12-2015,"2,502"
1793,03-12-2015,"2,512"
1794,04-12-2015,"2,514"
1795,05-12-2015,"2,522"
1796,06-12-2015,"2,522"
1797,07-12-2015,"2,515"
1798,08-12-2015,"2,506"
1799,09-12-2015,"2,516"
1800,10-12-2015,"2,532"
1801,11-12-2015,"2,509"
1802,12-12-2015,"2,509"
1803,13-12-2015,"2,509"
1804,14-12-2015,"2,484"
1805,15-12-2015,"2,488"
1806,16-12-2015,"2,522"
1807,17-12-2015,"2,529"
1808,18-12-2015,"2,542"
1809,19-12-2015,"2,567"
1810,20-12-2015,"2,567"
1811,21-12-2015,"2,533"
1812,22-12-2015,"2,546"
1813,23-12-2015,"2,551"
1814,24-12-2015,"2,542"
1815,25-12-2015,"2,564"
1816,26-12-2015,"2,572"
1817,27-12-2015,"2,572"
1818,28-12-2015,"2,516"
1819,29-12-2015,"2,476"
1820,30-12-2015,"2,493"
1821,31-12-2015,"2,502"
1822,01-01-2016,"2,665"
1823,02-01-2016,"2,665"
1824,03-01-2016,"2,652"
1825,04-01-2016,"2,668"
1826,05-01-2016,"2,637"
1827,06-01-2016,"2,636"
1828,07-01-2016,"2,615"
1829,08-01-2016,"2,615"
1830,09-01-2016,"2,615"
1831,10-01-2016,"2,611"
1832,11-01-2016,"2,626"
1833,12-01-2016,"2,605"
1834,13-01-2016,"2,589"
1835,14-01-2016,"2,599"
1836,15-01-2016,"2,612"
1837,16-01-2016,"2,611"
1838,17-01-2016,"2,560"
1839,18-01-2016,"2,572"
1840,19-01-2016,"2,554"
1841,20-01-2016,"2,570"
1842,21-01-2016,"2,594"
1843,22-01-2016,"2,598"
1844,23-01-2016,"2,590"
1845,24-01-2016,"2,590"
1846,25-01-2016,"2,570"
1847,26-01-2016,"2,539"
1848,27-01-2016,"2,534"
1849,28-01-2016,"2,497"
1850,29-01-2016,"2,497"
1851,30-01-2016,"2,497"
1852,31-01-2016,"2,491"
1853,01-02-2016,"2,933"
1854,02-02-2016,"2,933"
1855,03-02-2016,"2,933"
1856,04-02-2016,"2,945"
1857,05-02-2016,"2,941"
1858,06-02-2016,"2,929"
1859,07-02-2016,"2,897"
1860,08-02-2016,"2,884"
1861,09-02-2016,"2,950"
1862,10-02-2016,"2,950"
1863,11-02-2016,"2,924"
1864,12-02-2016,"2,871"
1865,13-02-2016,"2,879"
1866,14-02-2016,"2,850"
1867,15-02-2016,"2,872"
1868,16-02-2016,"2,940"
1869,17-02-2016,"2,940"
1870,18-02-2016,"2,949"
1871,19-02-2016,"2,812"
1872,20-02-2016,"2,812"
1873,21-02-2016,"2,827"
1874,22-02-2016,"2,754"
1875,23-02-2016,"2,754"
1876,24-02-2016,"2,754"
1877,25-02-2016,"2,729"
1878,26-02-2016,"2,718"
1879,27-02-2016,"2,685"
1880,28-02-2016,"2,669"
1881,29-02-2016,"2,663"
1882,01-03-2016,"2,841"
1883,02-03-2016,"2,858"
1884,03-03-2016,"2,837"
1885,04-03-2016,"2,837"
1886,05-03-2016,"2,860"
1887,06-03-2016,"2,859"
1888,07-03-2016,"2,859"
1889,08-03-2016,"2,856"
1890,09-03-2016,"2,853"
1891,10-03-2016,"2,891"
1892,11-03-2016,"2,887"
1893,12-03-2016,"2,914"
1894,13-03-2016,"2,914"
1895,14-03-2016,"2,904"
1896,15-03-2016,"2,896"
1897,16-03-2016,"2,895"
1898,17-03-2016,"2,891"
1899,18-03-2016,"2,939"
1900,19-03-2016,"2,949"
1901,20-03-2016,"2,949"
1902,21-03-2016,"2,969"
1903,22-03-2016,"2,925"
1904,23-03-2016,"2,948"
1905,24-03-2016,"2,960"
1906,25-03-2016,"2,975"
1907,26-03-2016,"2,975"
1908,27-03-2016,"2,975"
1909,28-03-2016,"2,961"
1910,29-03-2016,"2,927"
1911,30-03-2016,"2,910"
1912,31-03-2016,"2,951"
1913,01-04-2016,"3,027"
1914,02-04-2016,"2,969"
1915,03-04-2016,"2,932"
1916,04-04-2016,"2,920"
1917,05-04-2016,"2,903"
1918,06-04-2016,"2,902"
1919,07-04-2016,"2,902"
1920,08-04-2016,"2,902"
1921,09-04-2016,"2,927"
1922,10-04-2016,"2,924"
1923,11-04-2016,"2,919"
1924,12-04-2016,"2,897"
1925,13-04-2016,"2,896"
1926,14-04-2016,"2,896"
1927,15-04-2016,"2,896"
1928,16-04-2016,"2,885"
1929,17-04-2016,"2,920"
1930,18-04-2016,"2,909"
1931,19-04-2016,"2,928"
1932,20-04-2016,"2,913"
1933,21-04-2016,"2,913"
1934,22-04-2016,"2,913"
1935,23-04-2016,"2,888"
1936,24-04-2016,"2,865"
1937,25-04-2016,"2,849"
1938,26-04-2016,"2,817"
1939,27-04-2016,"2,804"
1940,28-04-2016,"2,804"
1941,29-04-2016,"2,804"
1942,30-04-2016,"2,800"
1943,01-05-2016,"2,859"
1944,02-05-2016,"2,843"
1945,03-05-2016,"2,860"
1946,04-05-2016,"2,860"
1947,05-05-2016,"2,858"
1948,06-05-2016,"2,886"
1949,07-05-2016,"2,891"
1950,08-05-2016,"2,941"
1951,09-05-2016,"2,961"
1952,10-05-2016,"2,969"
1953,11-05-2016,"2,969"
1954,12-05-2016,"2,970"
1955,13-05-2016,"2,965"
1956,14-05-2016,"2,996"
1957,15-05-2016,"2,989"
1958,16-05-2016,"3,000"
1959,17-05-2016,"3,003"
1960,18-05-2016,"3,003"
1961,19-05-2016,"2,980"
1962,20-05-2016,"2,978"
1963,21-05-2016,"2,978"
1964,22-05-2016,"2,966"
1965,23-05-2016,"2,983"
1966,24-05-2016,"3,038"
1967,25-05-2016,"3,038"
1968,26-05-2016,"2,990"
1969,27-05-2016,"2,991"
1970,28-05-2016,"2,999"
1971,29-05-2016,"3,020"
1972,30-05-2016,"3,026"
1973,31-05-2016,"3,027"
1974,01-06-2016,"3,116"
1975,02-06-2016,"3,128"
1976,03-06-2016,"3,121"
1977,04-06-2016,"3,140"
1978,05-06-2016,"3,140"
1979,06-06-2016,"3,140"
1980,07-06-2016,"2,991"
1981,08-06-2016,"2,987"
1982,09-06-2016,"3,009"
1983,10-06-2016,"3,027"
1984,11-06-2016,"3,038"
1985,12-06-2016,"3,060"
1986,13-06-2016,"3,060"
1987,14-06-2016,"3,032"
1988,15-06-2016,"3,044"
1989,16-06-2016,"3,034"
1990,17-06-2016,"3,029"
1991,18-06-2016,"3,008"
1992,19-06-2016,"3,008"
1993,20-06-2016,"3,008"
1994,21-06-2016,"2,982"
1995,22-06-2016,"2,963"
1996,23-06-2016,"2,937"
1997,24-06-2016,"2,921"
1998,25-06-2016,"2,937"
1999,26-06-2016,"2,939"
2000,27-06-2016,"2,901"
2001,28-06-2016,"2,856"
2002,29-06-2016,"2,859"
2003,30-06-2016,"2,854"
2004,01-07-2016,"3,155"
2005,02-07-2016,"3,155"
2006,03-07-2016,"3,103"
2007,04-07-2016,"3,099"
2008,05-07-2016,"3,080"
2009,06-07-2016,"3,082"
2010,07-07-2016,"3,071"
2011,08-07-2016,"3,087"
2012,09-07-2016,"3,087"
2013,10-07-2016,"3,081"
2014,11-07-2016,"3,068"
2015,12-07-2016,"3,075"
2016,13-07-2016,"3,096"
2017,14-07-2016,"3,089"
2018,15-07-2016,"3,098"
2019,16-07-2016,"3,098"
2020,17-07-2016,"3,087"
2021,18-07-2016,"3,076"
2022,19-07-2016,"3,104"
2023,20-07-2016,"3,133"
2024,21-07-2016,"3,160"
2025,22-07-2016,"3,172"
2026,23-07-2016,"3,172"
2027,24-07-2016,"3,148"
2028,25-07-2016,"3,176"
2029,26-07-2016,"3,195"
2030,27-07-2016,"3,164"
2031,28-07-2016,"3,146"
2032,29-07-2016,"3,146"
2033,30-07-2016,"3,146"
2034,31-07-2016,"3,120"
2035,01-08-2016,"3,071"
2036,02-08-2016,"3,092"
2037,03-08-2016,"3,091"
2038,04-08-2016,"3,099"
2039,05-08-2016,"3,099"
2040,06-08-2016,"3,093"
2041,07-08-2016,"3,089"
2042,08-08-2016,"3,106"
2043,09-08-2016,"3,131"
2044,10-08-2016,"3,122"
2045,11-08-2016,"3,140"
2046,12-08-2016,"3,140"
2047,13-08-2016,"3,132"
2048,14-08-2016,"3,137"
2049,15-08-2016,"3,133"
2050,16-08-2016,"3,122"
2051,17-08-2016,"3,122"
2052,18-08-2016,"3,122"
2053,19-08-2016,"3,122"
2054,20-08-2016,"3,116"
2055,21-08-2016,"3,130"
2056,22-08-2016,"3,124"
2057,23-08-2016,"3,107"
2058,24-08-2016,"3,103"
2059,25-08-2016,"3,105"
2060,26-08-2016,"3,105"
2061,27-08-2016,"3,114"
2062,28-08-2016,"3,147"
2063,29-08-2016,"3,165"
2064,30-08-2016,"3,148"
2065,31-08-2016,"3,141"
2066,01-09-2016,"3,107"
2067,02-09-2016,"3,096"
2068,03-09-2016,"3,093"
2069,04-09-2016,"3,102"
2070,05-09-2016,"3,123"
2071,06-09-2016,"3,128"
2072,07-09-2016,"3,128"
2073,08-09-2016,"3,122"
2074,09-09-2016,"3,121"
2075,10-09-2016,"3,090"
2076,11-09-2016,"3,090"
2077,12-09-2016,"3,081"
2078,13-09-2016,"3,081"
2079,14-09-2016,"3,081"
2080,15-09-2016,"3,081"
2081,16-09-2016,"3,084"
2082,17-09-2016,"3,103"
2083,18-09-2016,"3,102"
2084,19-09-2016,"3,108"
2085,20-09-2016,"3,122"
2086,21-09-2016,"3,122"
2087,22-09-2016,"3,115"
2088,23-09-2016,"3,128"
2089,24-09-2016,"3,126"
2090,25-09-2016,"3,095"
2091,26-09-2016,"3,092"
2092,27-09-2016,"3,092"
2093,28-09-2016,"3,092"
2094,29-09-2016,"3,073"
2095,30-09-2016,"3,064"
2096,01-10-2016,"3,006"
2097,02-10-2016,"3,005"
2098,03-10-2016,"3,008"
2099,04-10-2016,"2,981"
2100,05-10-2016,"2,983"
2101,06-10-2016,"2,988"
2102,07-10-2016,"2,976"
2103,08-10-2016,"2,974"
2104,09-10-2016,"2,995"
2105,10-10-2016,"2,995"
2106,11-10-2016,"2,984"
2107,12-10-2016,"2,990"
2108,13-10-2016,"2,977"
2109,14-10-2016,"2,971"
2110,15-10-2016,"2,963"
2111,16-10-2016,"2,966"
2112,17-10-2016,"2,966"
2113,18-10-2016,"2,955"
2114,19-10-2016,"2,965"
2115,20-10-2016,"2,963"
2116,21-10-2016,"2,966"
2117,22-10-2016,"2,958"
2118,23-10-2016,"2,958"
2119,24-10-2016,"2,958"
2120,25-10-2016,"2,958"
2121,26-10-2016,"2,961"
2122,27-10-2016,"2,986"
2123,28-10-2016,"3,018"
2124,29-10-2016,"3,068"
2125,30-10-2016,"3,074"
2126,31-10-2016,"3,074"
2127,01-11-2016,"2,849"
2128,02-11-2016,"2,861"
2129,03-11-2016,"2,860"
2130,04-11-2016,"2,860"
2131,05-11-2016,"2,860"
2132,06-11-2016,"2,840"
2133,07-11-2016,"2,866"
2134,08-11-2016,"2,887"
2135,09-11-2016,"2,914"
2136,10-11-2016,"2,894"
2137,11-11-2016,"2,894"
2138,12-11-2016,"2,894"
2139,13-11-2016,"2,885"
2140,14-11-2016,"2,928"
2141,15-11-2016,"2,932"
2142,16-11-2016,"2,924"
2143,17-11-2016,"2,935"
2144,18-11-2016,"2,940"
2145,19-11-2016,"2,940"
2146,20-11-2016,"2,968"
2147,21-11-2016,"2,988"
2148,22-11-2016,"2,988"
2149,23-11-2016,"3,001"
2150,24-11-2016,"3,017"
2151,25-11-2016,"3,056"
2152,26-11-2016,"3,056"
2153,27-11-2016,"3,038"
2154,28-11-2016,"3,025"
2155,29-11-2016,"3,029"
2156,30-11-2016,"2,995"
2157,01-12-2016,"2,745"
2158,02-12-2016,"2,753"
2159,03-12-2016,"2,730"
2160,04-12-2016,"2,717"
2161,05-12-2016,"2,704"
2162,06-12-2016,"2,694"
2163,07-12-2016,"2,699"
2164,08-12-2016,"2,699"
2165,09-12-2016,"2,693"
2166,10-12-2016,"2,689"
2167,11-12-2016,"2,708"
2168,12-12-2016,"2,705"
2169,13-12-2016,"2,716"
2170,14-12-2016,"2,716"
2171,15-12-2016,"2,716"
2172,16-12-2016,"2,702"
2173,17-12-2016,"2,700"
2174,18-12-2016,"2,754"
2175,19-12-2016,"2,753"
2176,20-12-2016,"2,742"
2177,21-12-2016,"2,758"
2178,22-12-2016,"2,758"
2179,23-12-2016,"2,765"
2180,24-12-2016,"2,778"
2181,25-12-2016,"2,782"
2182,26-12-2016,"2,791"
2183,27-12-2016,"2,812"
2184,28-12-2016,"2,843"
2185,29-12-2016,"2,843"
2186,30-12-2016,"2,792"
2187,31-12-2016,"2,800"
2188,01-01-2017,"2,852"
2189,02-01-2017,"2,834"
2190,03-01-2017,"2,835"
2191,04-01-2017,"2,835"
2192,05-01-2017,"2,812"
2193,06-01-2017,"2,839"
2194,07-01-2017,"2,843"
2195,08-01-2017,"2,872"
2196,09-01-2017,"2,863"
2197,10-01-2017,"2,863"
2198,11-01-2017,"2,863"
2199,12-01-2017,"2,853"
2200,13-01-2017,"2,849"
2201,14-01-2017,"2,869"
2202,15-01-2017,"2,853"
2203,16-01-2017,"2,838"
2204,17-01-2017,"2,838"
2205,18-01-2017,"2,838"
2206,19-01-2017,"2,828"
2207,20-01-2017,"2,830"
2208,21-01-2017,"2,814"
2209,22-01-2017,"2,803"
2210,23-01-2017,"2,785"
2211,24-01-2017,"2,789"
2212,25-01-2017,"2,789"
2213,26-01-2017,"2,785"
2214,27-01-2017,"2,768"
2215,28-01-2017,"2,769"
2216,29-01-2017,"2,746"
2217,30-01-2017,"2,745"
2218,31-01-2017,"2,745"
2219,01-02-2017,"2,952"
2220,02-02-2017,"2,955"
2221,03-02-2017,"2,962"
2222,04-02-2017,"2,962"
2223,05-02-2017,"2,945"
2224,06-02-2017,"2,921"
2225,07-02-2017,"2,922"
2226,08-02-2017,"2,910"
2227,09-02-2017,"2,920"
2228,10-02-2017,"2,936"
2229,11-02-2017,"2,936"
2230,12-02-2017,"2,932"
2231,13-02-2017,"2,914"
2232,14-02-2017,"2,892"
2233,15-02-2017,"2,902"
2234,16-02-2017,"2,902"
2235,17-02-2017,"2,917"
2236,18-02-2017,"2,917"
2237,19-02-2017,"2,894"
2238,20-02-2017,"2,922"
2239,21-02-2017,"2,925"
2240,22-02-2017,"2,919"
2241,23-02-2017,"2,891"
2242,24-02-2017,"2,891"
2243,25-02-2017,"2,891"
2244,26-02-2017,"2,886"
2245,27-02-2017,"2,887"
2246,28-02-2017,"2,882"
2247,01-03-2017,"2,845"
2248,02-03-2017,"2,860"
2249,03-03-2017,"2,865"
2250,04-03-2017,"2,877"
2251,05-03-2017,"2,879"
2252,06-03-2017,"2,879"
2253,07-03-2017,"2,879"
2254,08-03-2017,"2,872"
2255,09-03-2017,"2,881"
2256,10-03-2017,"2,881"
2257,11-03-2017,"2,839"
2258,12-03-2017,"2,850"
2259,13-03-2017,"2,851"
2260,14-03-2017,"2,851"
2261,15-03-2017,"2,841"
2262,16-03-2017,"2,799"
2263,17-03-2017,"2,794"
2264,18-03-2017,"2,808"
2265,19-03-2017,"2,824"
2266,20-03-2017,"2,837"
2267,21-03-2017,"2,837"
2268,22-03-2017,"2,826"
2269,23-03-2017,"2,847"
2270,24-03-2017,"2,861"
2271,25-03-2017,"2,880"
2272,26-03-2017,"2,902"
2273,27-03-2017,"2,902"
2274,28-03-2017,"2,902"
2275,29-03-2017,"2,904"
2276,30-03-2017,"2,926"
2277,31-03-2017,"2,929"
2278,01-04-2017,"2,887"
2279,02-04-2017,"2,887"
2280,03-04-2017,"2,877"
2281,04-04-2017,"2,872"
2282,05-04-2017,"2,867"
2283,06-04-2017,"2,888"
2284,07-04-2017,"2,901"
2285,08-04-2017,"2,942"
2286,09-04-2017,"2,942"
2287,10-04-2017,"2,923"
2288,11-04-2017,"2,923"
2289,12-04-2017,"2,924"
2290,13-04-2017,"2,927"
2291,14-04-2017,"2,938"
2292,15-04-2017,"2,941"
2293,16-04-2017,"2,941"
2294,17-04-2017,"2,941"
2295,18-04-2017,"2,923"
2296,19-04-2017,"2,919"
2297,20-04-2017,"2,874"
2298,21-04-2017,"2,864"
2299,22-04-2017,"2,868"
2300,23-04-2017,"2,868"
2301,24-04-2017,"2,872"
2302,25-04-2017,"2,868"
2303,26-04-2017,"2,865"
2304,27-04-2017,"2,868"
2305,28-04-2017,"2,846"
2306,29-04-2017,"2,846"
2307,30-04-2017,"2,846"
2308,01-05-2017,"2,867"
2309,02-05-2017,"2,877"
2310,03-05-2017,"2,887"
2311,04-05-2017,"2,889"
2312,05-05-2017,"2,889"
2313,06-05-2017,"2,866"
2314,07-05-2017,"2,864"
2315,08-05-2017,"2,865"
2316,09-05-2017,"2,878"
2317,10-05-2017,"2,859"
2318,11-05-2017,"2,864"
2319,12-05-2017,"2,864"
2320,13-05-2017,"2,859"
2321,14-05-2017,"2,862"
2322,15-05-2017,"2,809"
2323,16-05-2017,"2,799"
2324,17-05-2017,"2,801"
2325,18-05-2017,"2,801"
2326,19-05-2017,"2,801"
2327,20-05-2017,"2,800"
2328,21-05-2017,"2,796"
2329,22-05-2017,"2,797"
2330,23-05-2017,"2,800"
2331,24-05-2017,"2,807"
2332,25-05-2017,"2,807"
2333,26-05-2017,"2,807"
2334,27-05-2017,"2,807"
2335,28-05-2017,"2,806"
2336,29-05-2017,"2,842"
2337,30-05-2017,"2,857"
2338,31-05-2017,"2,880"
2339,01-06-2017,"2,844"
2340,02-06-2017,"2,846"
2341,03-06-2017,"2,855"
2342,04-06-2017,"2,848"
2343,05-06-2017,"2,839"
2344,06-06-2017,"2,873"
2345,07-06-2017,"2,873"
2346,08-06-2017,"2,863"
2347,09-06-2017,"2,858"
2348,10-06-2017,"2,848"
2349,11-06-2017,"2,851"
2350,12-06-2017,"2,858"
2351,13-06-2017,"2,869"
2352,14-06-2017,"2,869"
2353,15-06-2017,"2,872"
2354,16-06-2017,"2,873"
2355,17-06-2017,"2,888"
2356,18-06-2017,"2,884"
2357,19-06-2017,"2,894"
2358,20-06-2017,"2,902"
2359,21-06-2017,"2,902"
2360,22-06-2017,"2,893"
2361,23-06-2017,"2,908"
2362,24-06-2017,"2,941"
2363,25-06-2017,"2,902"
2364,26-06-2017,"2,887"
2365,27-06-2017,"2,887"
2366,28-06-2017,"2,887"
2367,29-06-2017,"2,860"
2368,30-06-2017,"2,862"
2369,01-07-2017,"2,850"
2370,02-07-2017,"2,858"
2371,03-07-2017,"2,858"
2372,04-07-2017,"2,842"
2373,05-07-2017,"2,838"
2374,06-07-2017,"2,831"
2375,07-07-2017,"2,841"
2376,08-07-2017,"2,851"
2377,09-07-2017,"2,854"
2378,10-07-2017,"2,854"
2379,11-07-2017,"2,830"
2380,12-07-2017,"2,814"
2381,13-07-2017,"2,812"
2382,14-07-2017,"2,812"
2383,15-07-2017,"2,800"
2384,16-07-2017,"2,800"
2385,17-07-2017,"2,800"
2386,18-07-2017,"2,778"
2387,19-07-2017,"2,784"
2388,20-07-2017,"2,782"
2389,21-07-2017,"2,769"
2390,22-07-2017,"2,762"
2391,23-07-2017,"2,778"
2392,24-07-2017,"2,778"
2393,25-07-2017,"2,786"
2394,26-07-2017,"2,810"
2395,27-07-2017,"2,802"
2396,28-07-2017,"2,809"
2397,29-07-2017,"2,815"
2398,30-07-2017,"2,844"
2399,31-07-2017,"2,844"
2400,01-08-2017,"2,942"
2401,02-08-2017,"2,949"
2402,03-08-2017,"2,978"
2403,04-08-2017,"2,917"
2404,05-08-2017,"2,917"
2405,06-08-2017,"2,917"
2406,07-08-2017,"2,897"
2407,08-08-2017,"2,906"
2408,09-08-2017,"2,907"
2409,10-08-2017,"2,910"
2410,11-08-2017,"2,908"
2411,12-08-2017,"2,916"
2412,13-08-2017,"2,916"
2413,14-08-2017,"2,915"
2414,15-08-2017,"2,895"
2415,16-08-2017,"2,883"
2416,17-08-2017,"2,908"
2417,18-08-2017,"2,905"
2418,19-08-2017,"2,920"
2419,20-08-2017,"2,920"
2420,21-08-2017,"2,915"
2421,22-08-2017,"2,884"
2422,23-08-2017,"2,838"
2423,24-08-2017,"2,833"
2424,25-08-2017,"2,838"
2425,26-08-2017,"2,841"
2426,27-08-2017,"2,841"
2427,28-08-2017,"2,844"
2428,29-08-2017,"2,830"
2429,30-08-2017,"2,840"
2430,31-08-2017,"2,840"
2431,01-09-2017,"2,956"
2432,02-09-2017,"2,955"
2433,03-09-2017,"2,955"
2434,04-09-2017,"2,971"
2435,05-09-2017,"2,992"
2436,06-09-2017,"2,952"
2437,07-09-2017,"2,959"
2438,08-09-2017,"2,959"
2439,09-09-2017,"2,956"
2440,10-09-2017,"2,946"
2441,11-09-2017,"2,962"
2442,12-09-2017,"2,955"
2443,13-09-2017,"2,963"
2444,14-09-2017,"2,986"
2445,15-09-2017,"2,986"
2446,16-09-2017,"2,986"
2447,17-09-2017,"2,981"
2448,18-09-2017,"2,988"
2449,19-09-2017,"2,984"
2450,20-09-2017,"2,998"
2451,21-09-2017,"3,027"
2452,22-09-2017,"3,027"
2453,23-09-2017,"3,026"
2454,24-09-2017,"3,007"
2455,25-09-2017,"3,019"
2456,26-09-2017,"3,003"
2457,27-09-2017,"2,982"
2458,28-09-2017,"2,982"
2459,29-09-2017,"2,982"
2460,30-09-2017,"2,972"
2461,01-10-2017,"2,918"
2462,02-10-2017,"2,924"
2463,03-10-2017,"2,932"
2464,04-10-2017,"2,932"
2465,05-10-2017,"2,922"
2466,06-10-2017,"2,932"
2467,07-10-2017,"2,933"
2468,08-10-2017,"2,948"
2469,09-10-2017,"2,939"
2470,10-10-2017,"2,955"
2471,11-10-2017,"2,955"
2472,12-10-2017,"2,957"
2473,13-10-2017,"2,957"
2474,14-10-2017,"2,954"
2475,15-10-2017,"2,964"
2476,16-10-2017,"2,985"
2477,17-10-2017,"2,985"
2478,18-10-2017,"2,985"
2479,19-10-2017,"2,974"
2480,20-10-2017,"2,971"
2481,21-10-2017,"2,976"
2482,22-10-2017,"2,973"
2483,23-10-2017,"2,957"
2484,24-10-2017,"2,957"
2485,25-10-2017,"2,957"
2486,26-10-2017,"2,933"
2487,27-10-2017,"2,929"
2488,28-10-2017,"2,931"
2489,29-10-2017,"2,935"
2490,30-10-2017,"2,956"
2491,31-10-2017,"2,956"
2492,01-11-2017,"2,915"
2493,02-11-2017,"2,925"
2494,03-11-2017,"2,941"
2495,04-11-2017,"2,938"
2496,05-11-2017,"2,938"
2497,06-11-2017,"2,938"
2498,07-11-2017,"2,941"
2499,08-11-2017,"2,942"
2500,09-11-2017,"2,930"
2501,10-11-2017,"2,928"
2502,11-11-2017,"2,961"
2503,12-11-2017,"2,969"
2504,13-11-2017,"2,969"
2505,14-11-2017,"2,940"
2506,15-11-2017,"2,945"
2507,16-11-2017,"2,960"
2508,17-11-2017,"2,945"
2509,18-11-2017,"2,949"
2510,19-11-2017,"2,949"
2511,20-11-2017,"2,949"
2512,21-11-2017,"2,954"
2513,22-11-2017,"2,949"
2514,23-11-2017,"2,943"
2515,24-11-2017,"2,934"
2516,25-11-2017,"2,909"
2517,26-11-2017,"2,909"
2518,27-11-2017,"2,909"
2519,28-11-2017,"2,915"
2520,29-11-2017,"2,921"
2521,30-11-2017,"2,911"
2522,01-12-2017,"2,917"
2523,02-12-2017,"2,917"
2524,03-12-2017,"2,897"
2525,04-12-2017,"2,896"
2526,05-12-2017,"2,880"
2527,06-12-2017,"2,866"
2528,07-12-2017,"2,866"
2529,08-12-2017,"2,866"
2530,09-12-2017,"2,866"
2531,10-12-2017,"2,847"
2532,11-12-2017,"2,844"
2533,12-12-2017,"2,842"
2534,13-12-2017,"2,842"
2535,14-12-2017,"2,825"
2536,15-12-2017,"2,825"
2537,16-12-2017,"2,825"
2538,17-12-2017,"2,822"
2539,18-12-2017,"2,820"
2540,19-12-2017,"2,810"
2541,20-12-2017,"2,815"
2542,21-12-2017,"2,840"
2543,22-12-2017,"2,853"
2544,23-12-2017,"2,853"
2545,24-12-2017,"2,850"
2546,25-12-2017,"2,873"
2547,26-12-2017,"2,889"
2548,27-12-2017,"2,903"
2549,28-12-2017,"2,900"
2550,29-12-2017,"2,921"
2551,30-12-2017,"2,921"
2552,31-12-2017,"2,901"
2553,01-01-2018,"2,999"
2554,02-01-2018,"2,996"
2555,03-01-2018,"3,005"
2556,04-01-2018,"3,036"
2557,05-01-2018,"3,036"
2558,06-01-2018,"3,036"
2559,07-01-2018,"3,021"
2560,08-01-2018,"2,991"
2561,09-01-2018,"2,981"
2562,10-01-2018,"2,976"
2563,11-01-2018,"2,977"
2564,12-01-2018,"2,977"
2565,13-01-2018,"2,962"
2566,14-01-2018,"2,956"
2567,15-01-2018,"2,975"
2568,16-01-2018,"2,976"
2569,17-01-2018,"2,957"
2570,18-01-2018,"2,957"
2571,19-01-2018,"2,957"
2572,20-01-2018,"2,937"
2573,21-01-2018,"2,930"
2574,22-01-2018,"2,913"
2575,23-01-2018,"2,917"
2576,24-01-2018,"2,918"
2577,25-01-2018,"2,922"
2578,26-01-2018,"2,922"
2579,27-01-2018,"2,918"
2580,28-01-2018,"2,907"
2581,29-01-2018,"2,915"
2582,30-01-2018,"2,912"
2583,31-01-2018,"2,911"
2584,01-02-2018,"3,029"
2585,02-02-2018,"3,047"
2586,03-02-2018,"3,051"
2587,04-02-2018,"3,051"
2588,05-02-2018,"3,051"
2589,06-02-2018,"3,043"
2590,07-02-2018,"3,041"
2591,08-02-2018,"3,042"
2592,09-02-2018,"3,058"
2593,10-02-2018,"3,073"
2594,11-02-2018,"3,080"
2595,12-02-2018,"3,080"
2596,13-02-2018,"3,058"
2597,14-02-2018,"3,057"
2598,15-02-2018,"3,022"
2599,16-02-2018,"3,015"
2600,17-02-2018,"3,001"
2601,18-02-2018,"3,001"
2602,19-02-2018,"3,001"
2603,20-02-2018,"2,994"
2604,21-02-2018,"2,982"
2605,22-02-2018,"3,006"
2606,23-02-2018,"3,026"
2607,24-02-2018,"3,025"
2608,25-02-2018,"3,037"
2609,26-02-2018,"3,037"
2610,27-02-2018,"3,034"
2611,28-02-2018,"3,007"
2612,01-03-2018,"3,041"
2613,02-03-2018,"3,041"
2614,03-03-2018,"3,042"
2615,04-03-2018,"3,051"
2616,05-03-2018,"3,070"
2617,06-03-2018,"3,078"
2618,07-03-2018,"3,091"
2619,08-03-2018,"3,091"
2620,09-03-2018,"3,049"
2621,10-03-2018,"3,045"
2622,11-03-2018,"3,026"
2623,12-03-2018,"3,020"
2624,13-03-2018,"3,010"
2625,14-03-2018,"3,022"
2626,15-03-2018,"3,022"
2627,16-03-2018,"3,017"
2628,17-03-2018,"3,027"
2629,18-03-2018,"3,037"
2630,19-03-2018,"3,027"
2631,20-03-2018,"3,027"
2632,21-03-2018,"3,040"
2633,22-03-2018,"3,040"
2634,23-03-2018,"3,032"
2635,24-03-2018,"3,041"
2636,25-03-2018,"3,042"
2637,26-03-2018,"3,035"
2638,27-03-2018,"3,036"
2639,28-03-2018,"3,045"
2640,29-03-2018,"3,045"
2641,30-03-2018,"3,017"
2642,31-03-2018,"3,015"
2643,01-04-2018,"3,093"
2644,02-04-2018,"3,121"
2645,03-04-2018,"3,121"
2646,04-04-2018,"3,114"
2647,05-04-2018,"3,121"
2648,06-04-2018,"3,135"
2649,07-04-2018,"3,123"
2650,08-04-2018,"3,123"
2651,09-04-2018,"3,143"
2652,10-04-2018,"3,143"
2653,11-04-2018,"3,141"
2654,12-04-2018,"3,145"
2655,13-04-2018,"3,133"
2656,14-04-2018,"3,119"
2657,15-04-2018,"3,112"
2658,16-04-2018,"3,112"
2659,17-04-2018,"3,112"
2660,18-04-2018,"3,095"
2661,19-04-2018,"3,099"
2662,20-04-2018,"3,090"
2663,21-04-2018,"3,069"
2664,22-04-2018,"3,065"
2665,23-04-2018,"3,069"
2666,24-04-2018,"3,069"
2667,25-04-2018,"3,048"
2668,26-04-2018,"3,035"
2669,27-04-2018,"3,063"
2670,28-04-2018,"3,058"
2671,29-04-2018,"3,041"
2672,30-04-2018,"3,041"
2673,01-05-2018,"3,080"
2674,02-05-2018,"3,095"
2675,03-05-2018,"3,096"
2676,04-05-2018,"3,091"
2677,05-05-2018,"3,119"
2678,06-05-2018,"3,119"
2679,07-05-2018,"3,118"
2680,08-05-2018,"3,118"
2681,09-05-2018,"3,111"
2682,10-05-2018,"3,101"
2683,11-05-2018,"3,092"
2684,12-05-2018,"3,109"
2685,13-05-2018,"3,109"
2686,14-05-2018,"3,098"
2687,15-05-2018,"3,086"
2688,16-05-2018,"3,095"
2689,17-05-2018,"3,117"
2690,18-05-2018,"3,140"
2691,19-05-2018,"3,152"
2692,20-05-2018,"3,152"
2693,21-05-2018,"3,137"
2694,22-05-2018,"3,125"
2695,23-05-2018,"3,118"
2696,24-05-2018,"3,109"
2697,25-05-2018,"3,111"
2698,26-05-2018,"3,111"
2699,27-05-2018,"3,111"
2700,28-05-2018,"3,099"
2701,29-05-2018,"3,091"
2702,30-05-2018,"3,091"
2703,31-05-2018,"3,088"
2704,01-06-2018,"3,043"
2705,02-06-2018,"3,039"
2706,03-06-2018,"3,049"
2707,04-06-2018,"3,054"
2708,05-06-2018,"3,046"
2709,06-06-2018,"3,061"
2710,07-06-2018,"3,061"
2711,08-06-2018,"3,061"
2712,09-06-2018,"3,057"
2713,10-06-2018,"3,054"
2714,11-06-2018,"3,077"
2715,12-06-2018,"3,088"
2716,13-06-2018,"3,095"
2717,14-06-2018,"3,101"
2718,15-06-2018,"3,101"
2719,16-06-2018,"3,097"
2720,17-06-2018,"3,114"
2721,18-06-2018,"3,112"
2722,19-06-2018,"3,110"
2723,20-06-2018,"3,109"
2724,21-06-2018,"3,122"
2725,22-06-2018,"3,122"
2726,23-06-2018,"3,111"
2727,24-06-2018,"3,086"
2728,25-06-2018,"3,064"
2729,26-06-2018,"3,060"
2730,27-06-2018,"3,055"
2731,28-06-2018,"3,055"
2732,29-06-2018,"3,055"
2733,30-06-2018,"3,052"
2734,01-07-2018,"2,962"
2735,02-07-2018,"2,972"
2736,03-07-2018,"2,977"
2737,04-07-2018,"2,977"
2738,05-07-2018,"2,968"
2739,06-07-2018,"2,978"
2740,07-07-2018,"2,981"
2741,08-07-2018,"2,975"
2742,09-07-2018,"2,984"
2743,10-07-2018,"2,990"
2744,11-07-2018,"2,990"
2745,12-07-2018,"2,976"
2746,13-07-2018,"2,968"
2747,14-07-2018,"2,965"
2748,15-07-2018,"2,971"
2749,16-07-2018,"3,008"
2750,17-07-2018,"3,011"
2751,18-07-2018,"3,011"
2752,19-07-2018,"3,005"
2753,20-07-2018,"3,014"
2754,21-07-2018,"3,030"
2755,22-07-2018,"3,041"
2756,23-07-2018,"3,056"
2757,24-07-2018,"3,056"
2758,25-07-2018,"3,056"
2759,26-07-2018,"3,056"
2760,27-07-2018,"3,055"
2761,28-07-2018,"3,049"
2762,29-07-2018,"3,027"
2763,30-07-2018,"3,029"
2764,31-07-2018,"3,043"
2765,01-08-2018,"3,023"
2766,02-08-2018,"3,010"
2767,03-08-2018,"3,010"
2768,04-08-2018,"3,007"
2769,05-08-2018,"3,005"
2770,06-08-2018,"2,989"
2771,07-08-2018,"2,989"
2772,08-08-2018,"2,980"
2773,09-08-2018,"2,964"
2774,10-08-2018,"2,970"
2775,11-08-2018,"2,958"
2776,12-08-2018,"2,946"
2777,13-08-2018,"2,935"
2778,14-08-2018,"2,935"
2779,15-08-2018,"2,940"
2780,16-08-2018,"2,942"
2781,17-08-2018,"2,973"
2782,18-08-2018,"2,980"
2783,19-08-2018,"2,982"
2784,20-08-2018,"2,979"
2785,21-08-2018,"2,979"
2786,22-08-2018,"2,978"
2787,23-08-2018,"2,949"
2788,24-08-2018,"2,949"
2789,25-08-2018,"2,949"
2790,26-08-2018,"2,949"
2791,27-08-2018,"2,948"
2792,28-08-2018,"2,948"
2793,29-08-2018,"2,940"
2794,30-08-2018,"2,945"
2795,31-08-2018,"2,941"
2796,01-09-2018,"3,051"
2797,02-09-2018,"3,051"
2798,03-09-2018,"3,024"
2799,04-09-2018,"3,032"
2800,05-09-2018,"3,059"
2801,06-09-2018,"3,075"
2802,07-09-2018,"3,057"
2803,08-09-2018,"3,057"
2804,09-09-2018,"3,057"
2805,10-09-2018,"3,052"
2806,11-09-2018,"3,059"
2807,12-09-2018,"3,082"
2808,13-09-2018,"3,068"
2809,14-09-2018,"3,043"
2810,15-09-2018,"3,043"
2811,16-09-2018,"3,043"
2812,17-09-2018,"3,050"
2813,18-09-2018,"3,047"
2814,19-09-2018,"3,047"
2815,20-09-2018,"3,056"
2816,21-09-2018,"3,051"
2817,22-09-2018,"3,051"
2818,23-09-2018,"3,042"
2819,24-09-2018,"3,042"
2820,25-09-2018,"3,033"
2821,26-09-2018,"3,025"
2822,27-09-2018,"3,017"
2823,28-09-2018,"3,009"
2824,29-09-2018,"3,014"
2825,30-09-2018,"3,014"
2826,01-10-2018,"3,181"
2827,02-10-2018,"3,191"
2828,03-10-2018,"3,191"
2829,04-10-2018,"3,190"
2830,05-10-2018,"3,186"
2831,06-10-2018,"3,181"
2832,07-10-2018,"3,187"
2833,08-10-2018,"3,207"
2834,09-10-2018,"3,184"
2835,10-10-2018,"3,184"
2836,11-10-2018,"3,177"
2837,12-10-2018,"3,140"
2838,13-10-2018,"3,127"
2839,14-10-2018,"3,124"
2840,15-10-2018,"3,122"
2841,16-10-2018,"3,165"
2842,17-10-2018,"3,105"
2843,18-10-2018,"3,100"
2844,19-10-2018,"3,100"
2845,20-10-2018,"3,059"
2846,21-10-2018,"3,059"
2847,22-10-2018,"3,038"
2848,28-11-2018,"3,016"
2849,29-11-2018,"3,028"
2850,30-11-2018,"3,027"
2851,01-12-2018,"3,137"
2852,02-12-2018,"3,164"
2853,03-12-2018,"3,163"
2854,04-12-2018,"3,174"
2855,05-12-2018,"3,162"
2856,06-12-2018,"3,147"
2857,07-12-2018,"3,136"
2858,08-12-2018,"3,119"
2859,09-12-2018,"3,119"
2860,10-12-2018,"3,125"
2861,11-12-2018,"3,121"
2862,12-12-2018,"3,116"
2863,13-12-2018,"3,126"
2864,14-12-2018,"3,147"
2865,15-12-2018,"3,154"
2866,16-12-2018,"3,154"
2867,17-12-2018,"3,154"
2868,18-12-2018,"3,157"
2869,19-12-2018,"3,178"
2870,20-12-2018,"3,196"
2871,21-12-2018,"3,205"
2872,22-12-2018,"3,156"
2873,23-12-2018,"3,156"
2874,24-12-2018,"3,134"
2875,25-12-2018,"3,118"
2876,27-12-2018,"3,103"
2877,28-12-2018,"3,083"
2878,29-12-2018,"3,084"
2879,30-12-2018,"3,026"
2880,31-12-2018,"3,026"
2881,01-01-2019,"3,290"
2882,02-01-2019,"3,285"
2883,03-01-2019,"3,256"
2884,04-01-2019,"3,236"
2885,05-01-2019,"3,235"
2886,06-01-2019,"3,235"
2887,07-01-2019,"3,202"
2888,08-01-2019,"3,200"
2889,09-01-2019,"3,207"
2890,10-01-2019,"3,201"
2891,11-01-2019,"3,200"
2892,12-01-2019,"3,210"
2893,13-01-2019,"3,210"
2894,14-01-2019,"3,207"
2895,15-01-2019,"3,223"
2896,16-01-2019,"3,212"
2897,17-01-2019,"3,213"
2898,18-01-2019,"3,192"
2899,19-01-2019,"3,192"
2900,20-01-2019,"3,192"
2901,21-01-2019,"3,190"
2902,22-01-2019,"3,188"
2903,23-01-2019,"3,168"
2904,24-01-2019,"3,161"
2905,25-01-2019,"3,146"
2906,26-01-2019,"3,146"
2907,27-01-2019,"3,146"
2908,28-01-2019,"3,147"
2909,29-01-2019,"3,160"
2910,30-01-2019,"3,141"
2911,31-01-2019,"3,137"
2912,01-02-2019,"3,299"
2913,02-02-2019,"3,329"
2914,03-02-2019,"3,332"
2915,04-02-2019,"3,331"
2916,05-02-2019,"3,350"
2917,06-02-2019,"3,350"
2918,07-02-2019,"3,335"
2919,08-02-2019,"3,349"
2920,09-02-2019,"3,386"
2921,10-02-2019,"3,360"
2922,11-02-2019,"3,340"
2923,12-02-2019,"3,340"
2924,13-02-2019,"3,340"
2925,14-02-2019,"3,307"
2926,15-02-2019,"3,290"
2927,16-02-2019,"3,284"
2928,17-02-2019,"3,282"
2929,18-02-2019,"3,294"
2930,19-02-2019,"3,323"
2931,20-02-2019,"3,323"
2932,21-02-2019,"3,303"
2933,22-02-2019,"3,308"
2934,23-02-2019,"3,333"
2935,24-02-2019,"3,334"
2936,25-02-2019,"3,318"
2937,26-02-2019,"3,341"
2938,27-02-2019,"3,341"
2939,28-02-2019,"3,298"
2940,01-03-2019,"3,170"
2941,02-03-2019,"3,170"
2942,03-03-2019,"3,151"
2943,04-03-2019,"3,161"
2944,05-03-2019,"3,201"
2945,06-03-2019,"3,203"
2946,07-03-2019,"3,210"
2947,08-03-2019,"3,215"
2948,09-03-2019,"3,215"
2949,10-03-2019,"3,175"
2950,11-03-2019,"3,172"
2951,12-03-2019,"3,170"
2952,13-03-2019,"3,168"
2953,14-03-2019,"3,156"
2954,15-03-2019,"3,184"
2955,16-03-2019,"3,184"
2956,17-03-2019,"3,179"
2957,18-03-2019,"3,179"
2958,19-03-2019,"3,202"
2959,20-03-2019,"3,189"
2960,21-03-2019,"3,189"
2961,22-03-2019,"3,220"
2962,23-03-2019,"3,218"
2963,24-03-2019,"3,194"
2964,25-03-2019,"3,181"
2965,26-03-2019,"3,191"
2966,27-03-2019,"3,209"
2967,28-03-2019,"3,227"
2968,29-03-2019,"3,266"
2969,30-03-2019,"3,266"
2970,31-03-2019,"3,269"
2971,01-04-2019,"3,172"
2972,02-04-2019,"3,194"
2973,03-04-2019,"3,194"
2974,04-04-2019,"3,194"
2975,05-04-2019,"3,197"
2976,06-04-2019,"3,185"
2977,07-04-2019,"3,154"
2978,08-04-2019,"3,148"
2979,09-04-2019,"3,147"
2980,10-04-2019,"3,147"
2981,11-04-2019,"3,147"
2982,12-04-2019,"3,147"
2983,13-04-2019,"3,141"
2984,14-04-2019,"3,147"
2985,15-04-2019,"3,153"
2986,16-04-2019,"3,172"
2987,17-04-2019,"3,187"
2988,18-04-2019,"3,187"
2989,19-04-2019,"3,174"
2990,20-04-2019,"3,175"
2991,21-04-2019,"3,210"
2992,22-04-2019,"3,216"
2993,23-04-2019,"3,189"
2994,24-04-2019,"3,160"
2995,25-04-2019,"3,160"
2996,26-04-2019,"3,149"
2997,27-04-2019,"3,144"
2998,28-04-2019,"3,141"
2999,29-04-2019,"3,145"
3000,30-04-2019,"3,151"
3001,01-05-2019,"3,182"
3002,02-05-2019,"3,155"
3003,03-05-2019,"3,155"
3004,04-05-2019,"3,152"
3005,05-05-2019,"3,154"
3006,06-05-2019,"3,153"
3007,07-05-2019,"3,153"
3008,08-05-2019,"3,151"
3009,09-05-2019,"3,128"
3010,10-05-2019,"3,141"
3011,11-05-2019,"3,138"
3012,12-05-2019,"3,139"
3013,13-05-2019,"3,180"
3014,14-05-2019,"3,180"
3015,15-05-2019,"3,178"
3016,16-05-2019,"3,193"
3017,17-05-2019,"3,216"
3018,18-05-2019,"3,224"
3019,19-05-2019,"3,189"
3020,20-05-2019,"3,190"
3021,21-05-2019,"3,190"
3022,22-05-2019,"3,180"
3023,23-05-2019,"3,168"
3024,24-05-2019,"3,168"
3025,25-05-2019,"3,153"
3026,26-05-2019,"3,146"
3027,27-05-2019,"3,146"
3028,28-05-2019,"3,146"
3029,29-05-2019,"3,125"
3030,30-05-2019,"3,127"
3031,31-05-2019,"3,167"
3032,01-06-2019,"3,420"
3033,02-06-2019,"3,420"
3034,03-06-2019,"3,417"
3035,04-06-2019,"3,408"
3036,05-06-2019,"3,421"
3037,06-06-2019,"3,447"
3038,07-06-2019,"3,418"
3039,08-06-2019,"3,418"
3040,09-06-2019,"3,418"
3041,10-06-2019,"3,400"
3042,11-06-2019,"3,308"
3043,12-06-2019,"3,298"
3044,13-06-2019,"3,300"
3045,14-06-2019,"3,290"
3046,15-06-2019,"3,307"
3047,16-06-2019,"3,307"
3048,17-06-2019,"3,298"
3049,18-06-2019,"3,274"
3050,19-06-2019,"3,263"
3051,20-06-2019,"3,251"
3052,21-06-2019,"3,265"
3053,22-06-2019,"3,294"
3054,23-06-2019,"3,294"
3055,24-06-2019,"3,269"
3056,25-06-2019,"3,249"
3057,26-06-2019,"3,249"
3058,27-06-2019,"3,230"
3059,28-06-2019,"3,207"
3060,29-06-2019,"3,207"
3061,30-06-2019,"3,207"
3062,01-07-2019,"3,445"
3063,02-07-2019,"3,439"
3064,03-07-2019,"3,471"
3065,04-07-2019,"3,477"
3066,05-07-2019,"3,477"
3067,06-07-2019,"3,476"
3068,07-07-2019,"3,483"
3069,08-07-2019,"3,493"
3070,09-07-2019,"3,492"
3071,10-07-2019,"3,505"
3072,11-07-2019,"3,505"
3073,12-07-2019,"3,505"
3074,13-07-2019,"3,502"
3075,14-07-2019,"3,493"
3076,15-07-2019,"3,470"
3077,16-07-2019,"3,479"
3078,17-07-2019,"3,481"
3079,18-07-2019,"3,494"
3080,19-07-2019,"3,494"
3081,20-07-2019,"3,471"
3082,21-07-2019,"3,469"
3083,22-07-2019,"3,439"
3084,23-07-2019,"3,436"
3085,24-07-2019,"3,453"
3086,25-07-2019,"3,456"
3087,26-07-2019,"3,456"
3088,27-07-2019,"3,424"
3089,28-07-2019,"3,416"
3090,29-07-2019,"3,405"
3091,30-07-2019,"3,364"
3092,31-07-2019,"3,365"
3093,01-08-2019,"3,866"
3094,02-08-2019,"3,864"
3095,03-08-2019,"3,877"
3096,04-08-2019,"3,889"
3097,05-08-2019,"3,876"
3098,06-08-2019,"3,881"
3099,07-08-2019,"3,881"
3100,08-08-2019,"3,881"
3101,09-08-2019,"3,797"
3102,10-08-2019,"3,795"
3103,11-08-2019,"3,785"
3104,12-08-2019,"3,769"
3105,13-08-2019,"3,763"
3106,14-08-2019,"3,801"
3107,15-08-2019,"3,797"
3108,16-08-2019,"3,779"
3109,17-08-2019,"3,820"
3110,18-08-2019,"3,772"
3111,19-08-2019,"3,764"
3112,20-08-2019,"3,798"
3113,21-08-2019,"3,798"
3114,22-08-2019,"3,798"
3115,23-08-2019,"3,780"
3116,24-08-2019,"3,766"
3117,25-08-2019,"3,750"
3118,26-08-2019,"3,652"
3119,27-08-2019,"3,555"
3120,28-08-2019,"3,555"
3121,29-08-2019,"3,555"
3122,30-08-2019,"3,499"
3123,31-08-2019,"3,430"
3124,01-09-2019,"3,689"
3125,02-09-2019,"3,774"
3126,03-09-2019,"3,774"
3127,04-09-2019,"3,737"
3128,05-09-2019,"3,751"
3129,06-09-2019,"3,761"
3130,07-09-2019,"3,781"
3131,08-09-2019,"3,774"
3132,09-09-2019,"3,773"
3133,10-09-2019,"3,773"
3134,11-09-2019,"3,747"
3135,12-09-2019,"3,756"
3136,13-09-2019,"3,778"
3137,14-09-2019,"3,791"
3138,15-09-2019,"3,752"
3139,16-09-2019,"3,752"
3140,17-09-2019,"3,752"
3141,18-09-2019,"3,750"
3142,19-09-2019,"3,771"
3143,20-09-2019,"3,797"
3144,21-09-2019,"3,823"
3145,22-09-2019,"3,836"
3146,23-09-2019,"3,857"
3147,24-09-2019,"3,857"
3148,25-09-2019,"3,842"
3149,26-09-2019,"3,878"
3150,27-09-2019,"3,942"
3151,28-09-2019,"3,898"
3152,29-09-2019,"3,866"
3153,30-09-2019,"3,866"
3154,01-10-2019,"3,805"
3155,02-10-2019,"3,791"
3156,03-10-2019,"3,781"
3157,04-10-2019,"3,791"
3158,05-10-2019,"3,828"
3159,06-10-2019,"3,828"
3160,07-10-2019,"3,822"
3161,08-10-2019,"3,800"
3162,09-10-2019,"3,789"
3163,10-10-2019,"3,783"
3164,11-10-2019,"3,809"
3165,12-10-2019,"3,809"
3166,13-10-2019,"3,809"
3167,14-10-2019,"3,801"
3168,15-10-2019,"3,802"
3169,16-10-2019,"3,801"
3170,17-10-2019,"3,802"
3171,18-10-2019,"3,779"
3172,19-10-2019,"3,786"
3173,20-10-2019,"3,786"
3174,21-10-2019,"3,774"
3175,22-10-2019,"3,810"
3176,23-10-2019,"3,829"
3177,24-10-2019,"3,807"
3178,25-10-2019,"3,808"
3179,26-10-2019,"3,832"
3180,27-10-2019,"3,807"
3181,28-10-2019,"3,793"
3182,29-10-2019,"3,731"
3183,30-10-2019,"3,733"
3184,31-10-2019,"3,681"
3185,01-11-2019,"3,803"
3186,02-11-2019,"3,772"
3187,03-11-2019,"3,751"
3188,04-11-2019,"3,757"
3189,05-11-2019,"3,760"
3190,06-11-2019,"3,772"
3191,07-11-2019,"3,790"
3192,08-11-2019,"3,790"
3193,09-11-2019,"3,791"
3194,10-11-2019,"3,799"
3195,11-11-2019,"3,802"
3196,12-11-2019,"3,799"
3197,13-11-2019,"3,783"
3198,14-11-2019,"3,797"
3199,15-11-2019,"3,797"
3200,16-11-2019,"3,794"
3201,17-11-2019,"3,811"
3202,18-11-2019,"3,771"
3203,19-11-2019,"3,756"
3204,20-11-2019,"3,759"
3205,21-11-2019,"3,769"
3206,22-11-2019,"3,769"
3207,23-11-2019,"3,751"
3208,24-11-2019,"3,756"
3209,25-11-2019,"3,786"
3210,26-11-2019,"3,793"
3211,27-11-2019,"3,832"
3212,28-11-2019,"3,832"
3213,29-11-2019,"3,832"
3214,30-11-2019,"3,831"
3215,01-12-2019,"3,897"
3216,02-12-2019,"3,892"
3217,03-12-2019,"3,909"
3218,04-12-2019,"3,907"
3219,05-12-2019,"3,881"
3220,06-12-2019,"3,865"
3221,07-12-2019,"3,864"
3222,08-12-2019,"3,827"
3223,09-12-2019,"3,798"
3224,10-12-2019,"3,798"
3225,11-12-2019,"3,797"
3226,12-12-2019,"3,797"
3227,13-12-2019,"3,789"
3228,14-12-2019,"3,785"
3229,15-12-2019,"3,787"
3230,16-12-2019,"3,776"
3231,17-12-2019,"3,781"
3232,18-12-2019,"3,780"
3233,19-12-2019,"3,749"
3234,20-12-2019,"3,753"
3235,21-12-2019,"3,753"
3236,22-12-2019,"3,755"
3237,23-12-2019,"3,759"
3238,24-12-2019,"3,769"
3239,25-12-2019,"3,769"
3240,26-12-2019,"3,767"
3241,27-12-2019,"3,818"
3242,28-12-2019,"3,816"
3243,29-12-2019,"3,788"
3244,30-12-2019,"3,778"
3245,31-12-2019,"3,803"
3246,01-01-2020,"4,062"
3247,02-01-2020,"4,034"
3248,03-01-2020,"4,009"
3249,04-01-2020,"4,016"
3250,05-01-2020,"4,037"
3251,06-01-2020,"4,037"
3252,07-01-2020,"4,037"
3253,08-01-2020,"3,999"
3254,09-01-2020,"3,987"
3255,10-01-2020,"3,977"
3256,11-01-2020,"3,973"
3257,12-01-2020,"3,990"
3258,13-01-2020,"3,996"
3259,14-01-2020,"3,996"
3260,15-01-2020,"3,969"
3261,16-01-2020,"3,962"
3262,17-01-2020,"3,946"
3263,18-01-2020,"3,934"
3264,19-01-2020,"3,956"
3265,20-01-2020,"3,987"
3266,21-01-2020,"3,987"
3267,22-01-2020,"3,962"
3268,23-01-2020,"3,967"
3269,24-01-2020,"3,998"
3270,25-01-2020,"4,022"
3271,26-01-2020,"4,013"
3272,27-01-2020,"4,013"
3273,28-01-2020,"4,012"
3274,29-01-2020,"3,928"
3275,30-01-2020,"3,907"
3276,31-01-2020,"3,904"
3277,01-02-2020,"4,130"
3278,02-02-2020,"4,150"
3279,03-02-2020,"4,234"
3280,04-02-2020,"4,230"
3281,05-02-2020,"4,246"
3282,06-02-2020,"4,270"
3283,07-02-2020,"4,270"
3284,08-02-2020,"4,270"
3285,09-02-2020,"4,206"
3286,10-02-2020,"4,151"
3287,11-02-2020,"4,137"
3288,12-02-2020,"4,075"
3289,13-02-2020,"4,076"
3290,14-02-2020,"4,098"
3291,15-02-2020,"4,100"
3292,16-02-2020,"4,060"
3293,17-02-2020,"4,049"
3294,18-02-2020,"4,033"
3295,19-02-2020,"4,034"
3296,20-02-2020,"4,055"
3297,21-02-2020,"4,065"
3298,22-02-2020,"4,066"
3299,23-02-2020,"4,032"
3300,24-02-2020,"4,005"
3301,25-02-2020,"4,010"
3302,26-02-2020,"4,011"
3303,27-02-2020,"4,065"
3304,28-02-2020,"4,123"
3305,29-02-2020,"4,102"
3306,01-03-2020,"4,325"
3307,02-03-2020,"4,322"
3308,03-03-2020,"4,356"
3309,04-03-2020,"4,356"
3310,05-03-2020,"4,301"
3311,06-03-2020,"4,147"
3312,07-03-2020,"4,107"
3313,08-03-2020,"4,075"
3314,09-03-2020,"3,989"
3315,10-03-2020,"4,038"
3316,11-03-2020,"4,038"
3317,12-03-2020,"3,976"
3318,13-03-2020,"3,916"
3319,14-03-2020,"3,938"
3320,15-03-2020,"3,875"
3321,16-03-2020,"3,859"
3322,17-03-2020,"4,046"
3323,18-03-2020,"4,046"
3324,19-03-2020,"4,029"
3325,20-03-2020,"4,179"
3326,21-03-2020,"4,340"
3327,22-03-2020,"4,358"
3328,23-03-2020,"4,393"
3329,24-03-2020,"4,423"
3330,25-03-2020,"4,422"
3331,26-03-2020,"4,384"
3332,27-03-2020,"4,326"
3333,28-03-2020,"4,334"
3334,29-03-2020,"4,195"
3335,30-03-2020,"4,130"
3336,31-03-2020,"4,130"
3337,01-04-2020,"4,529"
3338,02-04-2020,"4,569"
3339,03-04-2020,"4,567"
3340,04-04-2020,"4,620"
3341,05-04-2020,"4,660"
3342,06-04-2020,"4,660"
3343,07-04-2020,"4,642"
3344,08-04-2020,"4,618"
3345,09-04-2020,"4,531"
3346,10-04-2020,"4,515"
3347,11-04-2020,"4,539"
3348,12-04-2020,"4,566"
3349,13-04-2020,"4,566"
3350,14-04-2020,"4,566"
3351,15-04-2020,"4,653"
3352,16-04-2020,"4,631"
3353,17-04-2020,"4,627"
3354,18-04-2020,"4,530"
3355,19-04-2020,"4,530"
3356,20-04-2020,"4,530"
3357,21-04-2020,"4,530"
3358,22-04-2020,"4,488"
3359,23-04-2020,"4,473"
3360,24-04-2020,"4,371"
3361,25-04-2020,"4,371"
3362,26-04-2020,"4,365"
3363,27-04-2020,"4,365"
3364,28-04-2020,"4,350"
3365,29-04-2020,"4,350"
3366,30-04-2020,"4,308"
3367,01-05-2020,"4,656"
3368,02-05-2020,"4,656"
3369,03-05-2020,"4,634"
3370,04-05-2020,"4,647"
3371,05-05-2020,"4,583"
3372,06-05-2020,"4,643"
3373,07-05-2020,"4,674"
3374,08-05-2020,"4,706"
3375,09-05-2020,"4,706"
3376,10-05-2020,"4,640"
3377,11-05-2020,"4,630"
3378,12-05-2020,"4,685"
3379,13-05-2020,"3,828"
3380,14-05-2020,"4,677"
3381,15-05-2020,"4,736"
3382,16-05-2020,"4,736"
3383,17-05-2020,"4,661"
3384,18-05-2020,"4,600"
3385,19-05-2020,"4,556"
3386,20-05-2020,"4,566"
3387,21-05-2020,"4,561"
3388,22-05-2020,"4,585"
3389,23-05-2020,"4,583"
3390,24-05-2020,"4,584"
3391,25-05-2020,"4,534"
3392,26-05-2020,"4,539"
3393,27-05-2020,"4,538"
3394,28-05-2020,"4,553"
3395,29-05-2020,"4,556"
3396,30-05-2020,"4,556"
3397,31-05-2020,"4,475"
3398,01-06-2020,"4,824"
3399,02-06-2020,"4,824"
3400,03-06-2020,"4,832"
3401,04-06-2020,"4,832"
3402,05-06-2020,"4,773"
3403,06-06-2020,"4,786"
3404,07-06-2020,"4,812"
3405,08-06-2020,"4,777"
3406,09-06-2020,"4,788"
3407,10-06-2020,"4,793"
3408,11-06-2020,"4,793"
3409,12-06-2020,"4,736"
3410,13-06-2020,"4,718"
3411,14-06-2020,"4,707"
3412,15-06-2020,"4,703"
3413,16-06-2020,"4,662"
3414,17-06-2020,"4,736"
3415,18-06-2020,"4,735"
3416,19-06-2020,"4,711"
3417,20-06-2020,"4,665"
3418,21-06-2020,"4,658"
3419,22-06-2020,"4,599"
3420,23-06-2020,"4,574"
3421,24-06-2020,"4,574"
3422,25-06-2020,"4,574"
3423,26-06-2020,"4,656"
3424,27-06-2020,"4,610"
3425,28-06-2020,"4,590"
3426,29-06-2020,"4,683"
3427,30-06-2020,"4,656"
3428,01-07-2020,"5,314"
3429,02-07-2020,"5,281"
3430,03-07-2020,"5,252"
3431,04-07-2020,"5,157"
3432,05-07-2020,"5,101"
3433,06-07-2020,"5,101"
3434,07-07-2020,"5,101"
3435,08-07-2020,"5,068"
3436,09-07-2020,"5,006"
3437,10-07-2020,"4,955"
3438,11-07-2020,"4,902"
3439,12-07-2020,"4,890"
3440,13-07-2020,"4,897"
3441,14-07-2020,"4,897"
3442,15-07-2020,"4,874"
3443,16-07-2020,"4,901"
3444,17-07-2020,"4,894"
3445,18-07-2020,"4,881"
3446,19-07-2020,"4,888"
3447,20-07-2020,"4,888"
3448,21-07-2020,"4,888"
3449,22-07-2020,"4,888"
3450,23-07-2020,"4,899"
3451,24-07-2020,"4,870"
3452,25-07-2020,"4,813"
3453,26-07-2020,"4,778"
3454,27-07-2020,"4,805"
3455,28-07-2020,"4,805"
3456,29-07-2020,"4,799"
3457,30-07-2020,"4,777"
3458,31-07-2020,"4,819"
3459,01-08-2020,"5,140"
3460,02-08-2020,"5,140"
3461,03-08-2020,"5,140"
3462,04-08-2020,"5,087"
3463,05-08-2020,"5,076"
3464,06-08-2020,"5,071"
3465,07-08-2020,"5,092"
3466,08-08-2020,"5,137"
3467,09-08-2020,"5,199"
3468,10-08-2020,"5,199"
3469,11-08-2020,"5,146"
3470,12-08-2020,"5,176"
3471,13-08-2020,"5,279"
3472,14-08-2020,"5,311"
3473,15-08-2020,"5,214"
3474,16-08-2020,"5,218"
3475,17-08-2020,"5,218"
3476,18-08-2020,"5,237"
3477,19-08-2020,"5,183"
3478,20-08-2020,"5,038"
3479,21-08-2020,"5,214"
3480,22-08-2020,"5,487"
3481,23-08-2020,"5,487"
3482,24-08-2020,"5,487"
3483,25-08-2020,"5,517"
3484,26-08-2020,"5,407"
3485,27-08-2020,"5,407"
3486,28-08-2020,"5,380"
3487,29-08-2020,"5,366"
3488,30-08-2020,"5,385"
3489,31-08-2020,"5,385"
3490,01-09-2020,"5,027"
3491,02-09-2020,"5,010"
3492,03-09-2020,"4,934"
3493,04-09-2020,"4,966"
3494,05-09-2020,"4,966"
3495,06-09-2020,"4,947"
3496,07-09-2020,"4,931"
3497,08-09-2020,"4,962"
3498,09-09-2020,"5,024"
3499,10-09-2020,"5,008"
3500,11-09-2020,"5,172"
3501,12-09-2020,"5,172"
3502,13-09-2020,"5,145"
3503,14-09-2020,"5,128"
3504,15-09-2020,"5,167"
3505,16-09-2020,"5,164"
3506,17-09-2020,"5,133"
3507,18-09-2020,"5,133"
3508,19-09-2020,"5,129"
3509,20-09-2020,"5,127"
3510,21-09-2020,"5,134"
3511,22-09-2020,"5,095"
3512,23-09-2020,"5,074"
3513,24-09-2020,"5,074"
3514,25-09-2020,"5,074"
3515,26-09-2020,"5,068"
3516,27-09-2020,"5,051"
3517,28-09-2020,"5,072"
3518,29-09-2020,"5,096"
3519,30-09-2020,"5,153"
3520,01-10-2020,"5,070"
3521,02-10-2020,"5,025"
3522,03-10-2020,"5,022"
3523,04-10-2020,"5,033"
3524,05-10-2020,"5,072"
3525,06-10-2020,"5,060"
3526,07-10-2020,"5,085"
3527,08-10-2020,"5,085"
3528,09-10-2020,"5,068"
3529,10-10-2020,"5,061"
3530,11-10-2020,"5,081"
3531,12-10-2020,"5,052"
3532,13-10-2020,"5,050"
3533,14-10-2020,"5,055"
3534,15-10-2020,"5,055"
3535,16-10-2020,"5,052"
3536,17-10-2020,"5,034"
3537,18-10-2020,"5,026"
3538,19-10-2020,"5,023"
3539,20-10-2020,"5,086"
3540,21-10-2020,"5,083"
3541,22-10-2020,"5,083"
3542,23-10-2020,"5,020"
3543,24-10-2020,"4,999"
3544,25-10-2020,"4,993"
3545,26-10-2020,"5,010"
3546,27-10-2020,"5,010"
3547,28-10-2020,"5,064"
3548,29-10-2020,"5,064"
3549,30-10-2020,"5,064"
3550,31-10-2020,"5,030"
3551,01-11-2020,"4,813"
3552,02-11-2020,"4,812"
3553,03-11-2020,"4,812"
3554,04-11-2020,"4,793"
3555,05-11-2020,"4,853"
3556,06-11-2020,"4,843"
3557,07-11-2020,"4,856"
3558,08-11-2020,"4,962"
3559,09-11-2020,"5,024"
3560,10-11-2020,"5,024"
3561,11-11-2020,"5,001"
3562,12-11-2020,"4,986"
3563,13-11-2020,"5,020"
3564,14-11-2020,"5,078"
3565,15-11-2020,"5,040"
3566,16-11-2020,"5,092"
3567,17-11-2020,"5,090"
3568,18-11-2020,"5,056"
3569,19-11-2020,"5,019"
3570,20-11-2020,"5,010"
3571,21-11-2020,"4,968"
3572,22-11-2020,"4,989"
3573,23-11-2020,"5,215"
3574,24-11-2020,"5,215"
3575,25-11-2020,"5,178"
3576,26-11-2020,"5,079"
3577,27-11-2020,"5,107"
3578,28-11-2020,"5,084"
3579,29-11-2020,"5,065"
3580,30-11-2020,"5,070"
3581,01-12-2020,"5,003"
3582,02-12-2020,"4,992"
3583,03-12-2020,"4,996"
3584,04-12-2020,"5,003"
3585,05-12-2020,"5,006"
3586,06-12-2020,"5,006"
3587,07-12-2020,"5,006"
3588,08-12-2020,"4,989"
3589,09-12-2020,"4,973"
3590,10-12-2020,"5,017"
3591,11-12-2020,"5,014"
3592,12-12-2020,"5,030"
3593,13-12-2020,"5,028"
3594,14-12-2020,"5,014"
3595,15-12-2020,"4,959"
3596,16-12-2020,"4,949"
3597,17-12-2020,"4,896"
3598,18-12-2020,"4,873"
3599,19-12-2020,"4,930"
3600,20-12-2020,"4,927"
3601,21-12-2020,"4,899"
3602,22-12-2020,"4,900"
3603,23-12-2020,"4,956"
3604,24-12-2020,"4,975"
3605,25-12-2020,"4,905"
3606,26-12-2020,"4,919"
3607,27-12-2020,"4,915"
3608,28-12-2020,"4,909"
3609,29-12-2020,"4,828"
3610,30-12-2020,"4,808"
3611,31-12-2020,"4,771"
3612,01-01-2021,"4,910"
3613,02-01-2021,"4,910"
3614,03-01-2021,"4,863"
3615,04-01-2021,"4,865"
3616,05-01-2021,"4,862"
3617,06-01-2021,"4,909"
3618,07-01-2021,"4,895"
3619,08-01-2021,"4,914"
3620,09-01-2021,"4,914"
3621,10-01-2021,"4,871"
3622,11-01-2021,"4,939"
3623,12-01-2021,"4,883"
3624,13-01-2021,"4,883"
3625,14-01-2021,"4,865"
3626,15-01-2021,"4,870"
3627,16-01-2021,"4,870"
3628,17-01-2021,"4,883"
3629,18-01-2021,"4,880"
3630,19-01-2021,"4,912"
3631,20-01-2021,"4,900"
3632,21-01-2021,"4,870"
3633,22-01-2021,"4,897"
3634,23-01-2021,"4,885"
3635,24-01-2021,"4,951"
3636,25-01-2021,"5,049"
3637,26-01-2021,"5,119"
3638,27-01-2021,"5,130"
3639,28-01-2021,"5,026"
3640,29-01-2021,"5,026"
3641,30-01-2021,"5,026"
3642,31-01-2021,"5,009"
3643,01-02-2021,"4,575"
3644,02-02-2021,"4,575"
3645,03-02-2021,"4,602"
3646,04-02-2021,"4,629"
3647,05-02-2021,"4,633"
3648,06-02-2021,"4,660"
3649,07-02-2021,"4,620"
3650,08-02-2021,"4,620"
3651,09-02-2021,"4,620"
3652,10-02-2021,"4,592"
3653,11-02-2021,"4,614"
3654,12-02-2021,"4,636"
3655,13-02-2021,"4,674"
3656,14-02-2021,"4,726"
3657,15-02-2021,"4,753"
3658,16-02-2021,"4,752"
3659,17-02-2021,"4,717"
3660,18-02-2021,"4,780"
3661,19-02-2021,"4,789"
3662,20-02-2021,"4,785"
3663,21-02-2021,"4,717"
3664,22-02-2021,"4,726"
3665,23-02-2021,"4,708"
3666,24-02-2021,"4,666"
3667,25-02-2021,"4,734"
3668,26-02-2021,"4,772"
3669,27-02-2021,"4,761"
3670,28-02-2021,"4,720"
3671,01-03-2021,"4,384"
3672,02-03-2021,"4,371"
3673,03-03-2021,"4,384"
3674,04-03-2021,"4,461"
3675,05-03-2021,"4,461"
3676,06-03-2021,"4,452"
3677,07-03-2021,"4,463"
3678,08-03-2021,"4,467"
3679,09-03-2021,"4,469"
3680,10-03-2021,"4,468"
3681,11-03-2021,"4,503"
3682,12-03-2021,"4,501"
3683,13-03-2021,"4,485"
3684,14-03-2021,"4,469"
3685,15-03-2021,"4,482"
3686,16-03-2021,"4,486"
3687,17-03-2021,"4,476"
3688,18-03-2021,"4,476"
3689,19-03-2021,"4,476"
3690,20-03-2021,"4,433"
3691,21-03-2021,"4,476"
3692,22-03-2021,"4,469"
3693,23-03-2021,"4,424"
3694,24-03-2021,"4,434"
3695,25-03-2021,"4,467"
3696,26-03-2021,"4,467"
3697,27-03-2021,"4,426"
3698,28-03-2021,"4,459"
3699,29-03-2021,"4,470"
3700,30-03-2021,"4,507"
3701,31-03-2021,"4,565"
3702,01-04-2021,"4,668"
3703,02-04-2021,"4,661"
3704,03-04-2021,"4,688"
3705,04-04-2021,"4,735"
3706,05-04-2021,"4,731"
3707,06-04-2021,"4,753"
3708,07-04-2021,"4,753"
3709,08-04-2021,"4,745"
3710,09-04-2021,"4,780"
3711,10-04-2021,"4,786"
3712,11-04-2021,"4,722"
3713,12-04-2021,"4,733"
3714,13-04-2021,"4,733"
3715,14-04-2021,"4,733"
3716,15-04-2021,"4,682"
3717,16-04-2021,"4,662"
3718,17-04-2021,"4,661"
3719,18-04-2021,"4,639"
3720,19-04-2021,"4,647"
3721,20-04-2021,"4,661"
3722,21-04-2021,"4,661"
3723,22-04-2021,"4,640"
3724,23-04-2021,"4,628"
3725,24-04-2021,"4,550"
3726,25-04-2021,"4,500"
3727,26-04-2021,"4,474"
3728,27-04-2021,"4,474"
3729,28-04-2021,"4,474"
3730,29-04-2021,"4,470"
3731,30-04-2021,"4,463"
3732,01-05-2021,"4,855"
3733,02-05-2021,"4,855"
3734,03-05-2021,"4,855"
3735,04-05-2021,"4,830"
3736,05-05-2021,"4,849"
3737,06-05-2021,"4,875"
3738,07-05-2021,"4,835"
3739,08-05-2021,"4,842"
3740,09-05-2021,"4,842"
3741,10-05-2021,"4,842"
3742,11-05-2021,"4,830"
3743,12-05-2021,"4,830"
3744,13-05-2021,"4,799"
3745,14-05-2021,"4,828"
3746,15-05-2021,"4,769"
3747,16-05-2021,"4,769"
3748,17-05-2021,"4,769"
3749,18-05-2021,"4,735"
3750,19-05-2021,"4,728"
3751,20-05-2021,"4,750"
3752,21-05-2021,"4,742"
3753,22-05-2021,"4,775"
3754,23-05-2021,"4,775"
3755,24-05-2021,"4,774"
3756,25-05-2021,"4,758"
3757,26-05-2021,"4,698"
3758,27-05-2021,"4,683"
3759,28-05-2021,"4,705"
3760,29-05-2021,"4,676"
3761,30-05-2021,"4,675"
3762,31-05-2021,"4,675"
3763,01-06-2021,"4,650"
3764,02-06-2021,"4,640"
3765,03-06-2021,"4,690"
3766,04-06-2021,"4,692"
3767,05-06-2021,"4,692"
3768,06-06-2021,"4,685"
3769,07-06-2021,"4,685"
3770,08-06-2021,"4,701"
3771,09-06-2021,"4,690"
3772,10-06-2021,"4,670"
3773,11-06-2021,"4,675"
3774,12-06-2021,"4,675"
3775,13-06-2021,"4,678"
3776,14-06-2021,"4,701"
3777,15-06-2021,"4,840"
3778,16-06-2021,"4,849"
3779,17-06-2021,"4,813"
3780,18-06-2021,"4,888"
3781,19-06-2021,"4,888"
3782,20-06-2021,"4,905"
3783,21-06-2021,"4,882"
3784,22-06-2021,"4,903"
3785,23-06-2021,"4,904"
3786,24-06-2021,"4,860"
3787,25-06-2021,"4,860"
3788,26-06-2021,"4,860"
3789,27-06-2021,"4,860"
3790,28-06-2021,"4,858"
3791,29-06-2021,"4,886"
3792,30-06-2021,"4,871"
3793,01-07-2021,"4,788"
3794,02-07-2021,"4,810"
3795,03-07-2021,"4,758"
3796,04-07-2021,"4,749"
3797,05-07-2021,"4,741"
3798,06-07-2021,"4,754"
3799,07-07-2021,"4,754"
3800,08-07-2021,"4,734"
3801,09-07-2021,"4,735"
3802,10-07-2021,"4,735"
3803,11-07-2021,"4,787"
3804,12-07-2021,"4,805"
3805,13-07-2021,"4,805"
3806,14-07-2021,"4,805"
3807,15-07-2021,"4,805"
3808,16-07-2021,"4,841"
3809,17-07-2021,"4,827"
3810,18-07-2021,"4,782"
3811,19-07-2021,"4,777"
3812,20-07-2021,"4,752"
3813,21-07-2021,"4,791"
3814,22-07-2021,"4,791"
3815,23-07-2021,"4,766"
3816,24-07-2021,"4,768"
3817,25-07-2021,"4,770"
3818,26-07-2021,"4,732"
3819,27-07-2021,"4,726"
3820,28-07-2021,"4,731"
3821,29-07-2021,"4,731"
3822,30-07-2021,"4,702"
3823,31-07-2021,"4,683"
3824,01-08-2021,"4,687"
3825,02-08-2021,"4,724"
3826,03-08-2021,"4,756"
3827,04-08-2021,"4,756"
3828,05-08-2021,"4,697"
3829,06-08-2021,"4,701"
3830,07-08-2021,"4,714"
3831,08-08-2021,"4,749"
3832,09-08-2021,"4,716"
3833,10-08-2021,"4,717"
3834,11-08-2021,"4,717"
3835,12-08-2021,"4,712"
3836,13-08-2021,"4,713"
3837,14-08-2021,"4,712"
3838,15-08-2021,"4,690"
3839,16-08-2021,"4,687"
3840,17-08-2021,"4,693"
3841,18-08-2021,"4,693"
3842,19-08-2021,"4,637"
3843,20-08-2021,"4,629"
3844,21-08-2021,"4,596"
3845,22-08-2021,"4,575"
3846,23-08-2021,"4,603"
3847,24-08-2021,"4,666"
3848,25-08-2021,"4,666"
3849,26-08-2021,"4,669"
3850,27-08-2021,"4,780"
3851,28-08-2021,"4,782"
3852,29-08-2021,"4,782"
3853,30-08-2021,"4,776"
3854,31-08-2021,"4,788"
3855,01-09-2021,"4,558"
3856,02-09-2021,"4,559"
3857,03-09-2021,"4,573"
3858,04-09-2021,"4,595"
3859,05-09-2021,"4,600"
3860,06-09-2021,"4,600"
3861,07-09-2021,"4,584"
3862,08-09-2021,"4,603"
3863,09-09-2021,"4,657"
3864,10-09-2021,"4,615"
3865,11-09-2021,"4,592"
3866,12-09-2021,"4,600"
3867,13-09-2021,"4,600"
3868,14-09-2021,"4,588"
3869,15-09-2021,"4,595"
3870,16-09-2021,"4,692"
3871,17-09-2021,"4,674"
3872,18-09-2021,"4,679"
3873,19-09-2021,"4,679"
3874,20-09-2021,"4,679"
3875,21-09-2021,"4,682"
3876,22-09-2021,"4,682"
3877,23-09-2021,"4,677"
3878,24-09-2021,"4,694"
3879,25-09-2021,"4,739"
3880,26-09-2021,"4,751"
3881,27-09-2021,"4,751"
3882,28-09-2021,"4,700"
3883,29-09-2021,"4,697"
3884,30-09-2021,"4,704"
3885,01-10-2021,"4,761"
3886,02-10-2021,"4,761"
3887,03-10-2021,"4,743"
3888,04-10-2021,"4,787"
3889,05-10-2021,"4,768"
3890,06-10-2021,"4,765"
3891,07-10-2021,"4,779"
3892,08-10-2021,"4,779"
3893,09-10-2021,"4,779"
3894,10-10-2021,"4,740"
3895,11-10-2021,"4,741"
3896,12-10-2021,"4,729"
3897,13-10-2021,"4,730"
3898,14-10-2021,"4,718"
3899,15-10-2021,"4,721"
3900,16-10-2021,"4,721"
3901,17-10-2021,"4,716"
3902,18-10-2021,"4,780"
3903,19-10-2021,"4,714"
3904,20-10-2021,"4,704"
3905,21-10-2021,"4,687"
3906,22-10-2021,"4,702"
3907,23-10-2021,"4,702"
3908,24-10-2021,"4,684"
3909,25-10-2021,"4,673"
3910,26-10-2021,"4,650"
3911,27-10-2021,"4,629"
3912,28-10-2021,"4,628"
3913,29-10-2021,"4,628"
3914,30-10-2021,"4,628"
3915,31-10-2021,"4,618"
3916,01-11-2021,"4,758"
3917,02-11-2021,"4,764"
3918,03-11-2021,"4,758"
3919,04-11-2021,"4,758"
3920,05-11-2021,"4,742"
3921,06-11-2021,"4,740"
3922,07-11-2021,"4,733"
3923,08-11-2021,"4,745"
3924,09-11-2021,"4,812"
3925,10-11-2021,"4,886"
3926,11-11-2021,"4,886"
3927,12-11-2021,"4,902"
3928,13-11-2021,"4,912"
3929,14-11-2021,"4,900"
3930,15-11-2021,"4,928"
3931,16-11-2021,"4,911"
3932,17-11-2021,"4,930"
3933,18-11-2021,"4,930"
3934,19-11-2021,"4,892"
3935,20-11-2021,"4,886"
3936,21-11-2021,"4,819"
3937,22-11-2021,"4,799"
3938,23-11-2021,"4,787"
3939,24-11-2021,"4,796"
3940,25-11-2021,"4,796"
3941,26-11-2021,"4,741"
3942,27-11-2021,"4,702"
3943,28-11-2021,"4,695"
3944,29-11-2021,"4,761"
3945,30-11-2021,"4,761"
3946,01-12-2021,"4,782"
3947,02-12-2021,"4,763"
3948,03-12-2021,"4,763"
3949,04-12-2021,"4,807"
3950,05-12-2021,"4,806"
3951,06-12-2021,"4,811"
3952,07-12-2021,"4,810"
3953,08-12-2021,"4,814"
3954,09-12-2021,"4,811"
3955,10-12-2021,"4,800"
3956,11-12-2021,"4,803"
3957,12-12-2021,"4,831"
3958,13-12-2021,"4,859"
3959,14-12-2021,"4,859"
3960,15-12-2021,"4,864"
3961,16-12-2021,"4,808"
3962,17-12-2021,"4,796"
3963,18-12-2021,"4,794"
3964,19-12-2021,"4,816"
3965,20-12-2021,"4,819"
3966,21-12-2021,"4,816"
3967,22-12-2021,"4,788"
3968,23-12-2021,"4,790"
3969,24-12-2021,"4,801"
3970,25-12-2021,"4,782"
3971,26-12-2021,"4,787"
3972,27-12-2021,"4,703"
3973,28-12-2021,"4,703"
3974,29-12-2021,"4,703"
3975,30-12-2021,"4,758"
3976,31-12-2021,"4,760"
